Date,High,Label,Predicted_Label
20140930.0,-1.0329710144927535,0.0,0
20141001.0,-1.0365942028985506,0.0,0
20141002.0,-1.0496376811594204,0.0,0
20141006.0,-1.056159420289855,0.0,0
20141007.0,-1.0344202898550725,0.0,0
20141008.0,-1.059782608695652,0.0,0
20141010.0,-1.0865942028985507,0.0,0
20141013.0,-1.0771739130434783,0.0,0
20141014.0,-1.0634057971014492,0.0,0
20141015.0,-1.0641304347826086,0.0,0
20141016.0,-1.0815217391304348,0.0,0
20141017.0,-1.0858695652173913,0.0,0
20141020.0,-1.0844202898550726,0.0,0
20141021.0,-1.0967391304347827,0.0,0
20141022.0,-1.093840579710145,0.0,0
20141023.0,-1.08731884057971,0.0,0
20141024.0,-1.0880434782608697,0.0,0
20141027.0,-1.088768115942029,0.0,0
20141028.0,-1.0967391304347827,0.0,0
20141029.0,-1.075,0.0,0
20141030.0,-1.0365942028985506,0.0,0
20141031.0,-0.9880434782608696,0.0,0
20141103.0,-0.9865942028985507,0.0,0
20141104.0,-0.993840579710145,0.0,0
20141105.0,-1.0061594202898552,0.0,0
20141106.0,-1.0170289855072463,0.0,0
20141107.0,-1.011231884057971,0.0,0
20141110.0,-0.9742753623188406,0.0,0
20141111.0,-0.980072463768116,0.0,0
20141112.0,-0.9996376811594203,0.0,0
20141113.0,-1.001086956521739,0.0,0
20141114.0,-1.0235507246376812,0.0,0
20141117.0,-1.0097826086956523,0.0,0
20141118.0,-1.0047101449275362,0.0,0
20141119.0,-0.9967391304347826,0.0,0
20141120.0,-1.0097826086956523,0.0,0
20141121.0,-1.0054347826086956,0.0,0
20141124.0,-0.9894927536231884,0.0,0
20141125.0,-1.0068840579710145,0.0,0
20141126.0,-1.016304347826087,0.0,0
20141127.0,-0.9510869565217391,0.0,0
20141128.0,-0.9547101449275363,0.0,0
20141201.0,-0.9532608695652174,0.0,0
20141202.0,-0.9554347826086956,0.0,0
20141203.0,-0.9510869565217391,0.0,0
20141204.0,-0.9496376811594203,0.0,0
20141205.0,-0.9416666666666667,0.0,0
20141208.0,-0.9365942028985508,0.0,0
20141209.0,-0.9105072463768116,0.0,0
20141210.0,-0.9184782608695652,0.0,0
20141211.0,-0.9380434782608695,0.0,0
20141212.0,-0.9489130434782609,0.0,0
20141215.0,-0.966304347826087,0.0,0
20141216.0,-0.9597826086956521,0.0,0
20141217.0,-0.9641304347826087,0.0,0
20141218.0,-0.9670289855072464,0.0,0
20141219.0,-0.9315217391304348,0.0,0
20141222.0,-0.9177536231884058,0.0,0
20141223.0,-0.9163043478260869,0.0,0
20141224.0,-0.9206521739130434,0.0,0
20141226.0,-0.9119565217391304,0.0,0
20141229.0,-0.9177536231884058,0.0,0
20141230.0,-0.9264492753623188,0.0,0
20150102.0,-0.9228260869565217,0.0,0
20150105.0,-0.9257246376811594,0.0,0
20150106.0,-0.9394927536231884,0.0,0
20150107.0,-0.9438405797101449,0.0,0
20150108.0,-0.9235507246376812,0.0,0
20150109.0,-0.9358695652173913,0.0,0
20150112.0,-0.9380434782608695,0.0,0
20150113.0,-0.9228260869565217,0.0,0
20150114.0,-0.9119565217391304,0.0,0
20150115.0,-0.9163043478260869,0.0,0
20150116.0,-0.9271739130434783,0.0,0
20150119.0,-0.9163043478260869,0.0,0
20150120.0,-0.8996376811594203,0.0,0
20150121.0,-0.8829710144927536,0.0,0
20150122.0,-0.880072463768116,0.0,0
20150123.0,-0.8793478260869565,0.0,0
20150126.0,-0.8829710144927536,0.0,0
20150127.0,-0.8793478260869565,0.0,0
20150128.0,-0.8865942028985507,0.0,0
20150129.0,-0.8829710144927536,0.0,0
20150130.0,-0.8960144927536232,0.0,0
20150202.0,-0.8960144927536232,0.0,0
20150203.0,-0.893840579710145,0.0,0
20150204.0,-0.8931159420289855,0.0,0
20150205.0,-0.9018115942028986,0.0,0
20150206.0,-0.8981884057971015,0.0,0
20150209.0,-0.880072463768116,0.0,0
20150210.0,-0.8793478260869565,0.0,0
20150211.0,-0.8981884057971015,0.0,0
20150212.0,-0.9097826086956522,0.0,0
20150213.0,-0.907608695652174,0.0,0
20150216.0,-0.8981884057971015,0.0,0
20150217.0,-0.8960144927536232,0.0,0
20150223.0,-0.8865942028985507,0.0,0
20150224.0,-0.8873188405797101,0.0,0
20150225.0,-0.8902173913043478,0.0,0
20150226.0,-0.893840579710145,0.0,0
20150227.0,-0.8967391304347826,0.0,0
20150302.0,-0.8626811594202899,0.0,0
20150303.0,-0.8525362318840579,0.0,0
20150304.0,-0.8503623188405797,0.0,0
20150305.0,-0.8481884057971014,0.0,0
20150306.0,-0.8438405797101449,0.0,0
20150309.0,-0.8503623188405797,0.0,0
20150310.0,-0.8481884057971014,0.0,0
20150311.0,-0.8221014492753623,0.0,0
20150312.0,-0.8264492753623188,0.0,0
20150313.0,-0.8221014492753623,0.0,0
20150316.0,-0.816304347826087,0.0,0
20150317.0,-0.8068840579710145,0.0,0
20150318.0,-0.802536231884058,0.0,0
20150319.0,-0.7996376811594202,0.0,0
20150320.0,-0.821376811594203,0.0,0
20150323.0,-0.8257246376811594,0.0,0
20150324.0,-0.8228260869565217,0.0,0
20150325.0,-0.8155797101449276,0.0,0
20150326.0,-0.8387681159420289,0.0,0
20150327.0,-0.8445652173913043,0.0,0
20150330.0,-0.8547101449275363,0.0,0
20150331.0,-0.8416666666666667,0.0,0
20150401.0,-0.8525362318840579,0.0,0
20150402.0,-0.8503623188405797,0.0,0
20150403.0,-0.8503623188405797,0.0,0
20150406.0,-0.8141304347826087,0.0,0
20150407.0,-0.8177536231884058,0.0,0
20150408.0,-0.8177536231884058,0.0,0
20150409.0,-0.8148550724637681,0.0,0
20150410.0,-0.811231884057971,0.0,0
20150413.0,-0.8134057971014492,0.0,0
20150414.0,-0.8177536231884058,0.0,0
20150415.0,-0.8286231884057971,0.0,0
20150416.0,-0.8235507246376812,0.0,0
20150417.0,-0.8228260869565217,0.0,0
20150420.0,-0.8445652173913043,0.0,0
20150421.0,-0.8467391304347827,0.0,0
20150422.0,-0.8264492753623188,0.0,0
20150423.0,-0.8286231884057971,0.0,0
20150424.0,-0.8394927536231884,0.0,0
20150427.0,-0.8713768115942029,0.0,0
20150428.0,-0.8793478260869565,0.0,0
20150429.0,-0.883695652173913,0.0,0
20150430.0,-0.866304347826087,0.0,0
20150504.0,-0.8626811594202899,0.0,0
20150506.0,-0.8858695652173914,0.0,0
20150507.0,-0.8974637681159421,0.0,0
20150508.0,-0.9010869565217391,0.0,0
20150511.0,-0.9083333333333333,0.0,0
20150512.0,-0.9134057971014493,0.0,0
20150513.0,-0.9163043478260869,0.0,0
20150514.0,-0.9206521739130434,0.0,0
20150515.0,-0.9112318840579711,0.0,0
20150518.0,-0.9264492753623188,0.0,0
20150519.0,-0.9119565217391304,0.0,0
20150520.0,-0.9010869565217391,0.0,0
20150521.0,-0.8996376811594203,0.0,0
20150522.0,-0.9134057971014493,0.0,0
20150526.0,-0.9018115942028986,0.0,0
20150527.0,-0.9039855072463768,0.0,0
20150528.0,-0.9365942028985508,0.0,0
20150529.0,-0.9365942028985508,0.0,0
20150601.0,-0.9510869565217391,0.0,0
20150602.0,-0.9496376811594203,0.0,0
20150603.0,-0.9402173913043478,0.0,0
20150604.0,-0.9221014492753623,0.0,0
20150605.0,-0.9119565217391304,0.0,0
20150608.0,-0.9177536231884058,0.0,0
20150609.0,-0.9445652173913044,0.0,0
20150610.0,-0.9561594202898551,0.0,0
20150611.0,-0.9706521739130435,0.0,0
20150612.0,-0.961231884057971,0.0,0
20150615.0,-0.9706521739130435,0.0,0
20150616.0,-0.9706521739130435,0.0,0
20150617.0,-0.9764492753623188,0.0,0
20150618.0,-0.9670289855072464,0.0,0
20150619.0,-0.9677536231884057,0.0,0
20150622.0,-0.9547101449275363,0.0,0
20150623.0,-0.9315217391304348,0.0,0
20150624.0,-0.9438405797101449,0.0,0
20150625.0,-0.9496376811594203,0.0,0
20150626.0,-0.9590579710144927,0.0,0
20150629.0,-0.9626811594202899,0.0,0
20150630.0,-0.9626811594202899,0.0,0
20150701.0,-0.9503623188405798,0.0,0
20150702.0,-0.9489130434782609,0.0,0
20150703.0,-0.9561594202898551,0.0,0
20150706.0,-0.9807971014492753,0.0,0
20150707.0,-0.9815217391304348,0.0,0
20150708.0,-0.9873188405797102,0.0,0
20150709.0,-0.9771739130434782,0.0,0
20150710.0,-0.9764492753623188,0.0,0
20150713.0,-0.9721014492753624,0.0,0
20150714.0,-0.9735507246376811,0.0,0
20150715.0,-0.9967391304347826,0.0,0
20150716.0,-0.961231884057971,0.0,0
20150717.0,-0.9438405797101449,0.0,0
20150720.0,-0.9489130434782609,0.0,0
20150721.0,-0.9684782608695652,0.0,0
20150722.0,-0.9807971014492753,0.0,0
20150723.0,-0.9858695652173913,0.0,0
20150724.0,-0.9967391304347826,0.0,0
20150727.0,-0.9902173913043478,0.0,0
20150728.0,-0.9873188405797102,0.0,0
20150729.0,-0.9699275362318841,0.0,0
20150730.0,-0.9807971014492753,0.0,0
20150731.0,-1.0083333333333333,0.0,0
20150803.0,-1.0358695652173913,0.0,0
20150804.0,-1.0336956521739131,0.0,0
20150805.0,-1.0373188405797102,0.0,0
20150806.0,-1.056159420289855,0.0,0
20150807.0,-1.069927536231884,0.0,0
20150810.0,-1.066304347826087,0.0,0
20150811.0,-1.0394927536231884,0.0,0
20150812.0,-1.0503623188405797,0.0,0
20150813.0,-1.0583333333333333,0.0,0
20150817.0,-1.0670289855072463,0.0,0
20150818.0,-1.0670289855072463,0.0,0
20150819.0,-1.0416666666666667,0.0,0
20150820.0,-1.0452898550724639,0.0,0
20150821.0,-1.076449275362319,0.0,0
20150824.0,-1.0858695652173913,0.0,0
20150825.0,-1.0916666666666666,0.0,0
20150826.0,-1.1155797101449276,0.0,0
20150827.0,-1.1068840579710144,0.0,0
20150828.0,-1.1068840579710144,0.0,0
20150831.0,-1.1047101449275363,0.0,0
20150901.0,-1.0981884057971014,0.0,0
20150902.0,-1.1003623188405798,0.0,0
20150903.0,-1.0800724637681158,0.0,0
20150904.0,-1.0648550724637682,0.0,0
20150907.0,-1.0757246376811593,0.0,0
20150908.0,-1.0706521739130435,0.0,0
20150909.0,-1.0626811594202898,0.0,0
20150910.0,-1.0684782608695653,0.0,0
20150911.0,-1.0728260869565218,0.0,0
20150914.0,-1.0793478260869565,0.0,0
20150915.0,-1.076449275362319,0.0,0
20150916.0,-1.0554347826086956,0.0,0
20150917.0,-1.0554347826086956,0.0,0
20150918.0,-1.030072463768116,0.0,0
20150921.0,-1.0438405797101449,0.0,0
20150922.0,-1.0605072463768115,0.0,0
20150923.0,-1.0648550724637682,0.0,0
20150924.0,-1.0713768115942028,0.0,0
20150925.0,-1.078623188405797,0.0,0
20150930.0,-1.0721014492753622,0.0,0
20151001.0,-1.0641304347826086,0.0,0
20151002.0,-1.0728260869565218,0.0,0
20151005.0,-1.0742753623188406,0.0,0
20151006.0,-1.0568840579710146,0.0,0
20151007.0,-0.9865942028985507,0.0,0
20151008.0,-0.9670289855072464,0.0,0
20151012.0,-0.9786231884057971,0.0,0
20151013.0,-0.9721014492753624,0.0,0
20151014.0,-0.9807971014492753,0.0,0
20151015.0,-0.9648550724637681,0.0,0
20151016.0,-0.9742753623188406,0.0,0
20151019.0,-0.9771739130434782,0.0,0
20151020.0,-0.9713768115942029,0.0,0
20151021.0,-0.9648550724637681,0.0,0
20151022.0,-0.9554347826086956,0.0,0
20151023.0,-0.9518115942028985,0.0,0
20151026.0,-0.9532608695652174,0.0,0
20151027.0,-0.952536231884058,0.0,0
20151028.0,-0.9460144927536231,0.0,0
20151029.0,-0.8851449275362319,0.0,0
20151030.0,-0.8865942028985507,0.0,0
20151102.0,-0.8844202898550725,0.0,0
20151103.0,-0.8931159420289855,0.0,0
20151104.0,-0.907608695652174,0.0,0
20151105.0,-0.9126811594202898,0.0,0
20151106.0,-0.9170289855072464,0.0,0
20151109.0,-0.9199275362318841,0.0,0
20151110.0,-0.9221014492753623,0.0,0
20151111.0,-0.9192028985507247,0.0,0
20151112.0,-0.9271739130434783,0.0,0
20151113.0,-0.9394927536231884,0.0,0
20151116.0,-0.9583333333333334,0.0,0
20151117.0,-0.9590579710144927,0.0,0
20151118.0,-0.9590579710144927,0.0,0
20151119.0,-0.9590579710144927,0.0,0
20151120.0,-0.9547101449275363,0.0,0
20151123.0,-0.9503623188405798,0.0,0
20151124.0,-0.9481884057971014,0.0,0
20151125.0,-0.9445652173913044,0.0,0
20151126.0,-0.9228260869565217,0.0,0
20151127.0,-0.9163043478260869,0.0,0
20151130.0,-0.933695652173913,0.0,0
20151201.0,-0.9358695652173913,0.0,0
20151202.0,-0.9358695652173913,0.0,0
20151203.0,-0.9539855072463768,0.0,0
20151204.0,-0.966304347826087,0.0,0
20151207.0,-0.9699275362318841,0.0,0
20151208.0,-0.9721014492753624,0.0,0
20151209.0,-0.9699275362318841,0.0,0
20151210.0,-0.9568840579710145,0.0,0
20151211.0,-0.9554347826086956,0.0,0
20151214.0,-0.9713768115942029,0.0,0
20151215.0,-0.966304347826087,0.0,0
20151216.0,-0.9445652173913044,0.0,0
20151217.0,-0.9460144927536231,0.0,0
20151218.0,-0.9605072463768116,0.0,0
20151221.0,-0.9626811594202899,0.0,0
20151222.0,-0.9576086956521739,0.0,0
20151223.0,-0.952536231884058,0.0,0
20151224.0,-0.9518115942028985,0.0,0
20151228.0,-0.9597826086956521,0.0,0
20151229.0,-0.9764492753623188,0.0,0
20151230.0,-0.9721014492753624,0.0,0
20160104.0,-0.9807971014492753,0.0,0
20160105.0,-1.011231884057971,0.0,0
20160106.0,-1.0184782608695653,0.0,0
20160107.0,-1.0365942028985506,0.0,0
20160108.0,-1.0344202898550725,0.0,0
20160111.0,-1.048913043478261,0.0,0
20160112.0,-1.048913043478261,0.0,0
20160113.0,-1.0539855072463769,0.0,0
20160114.0,-1.066304347826087,0.0,0
20160115.0,-1.0590579710144927,0.0,0
20160118.0,-1.0728260869565218,0.0,0
20160119.0,-1.0452898550724639,0.0,0
20160120.0,-1.0532608695652175,0.0,0
20160121.0,-1.0568840579710146,0.0,0
20160122.0,-1.047463768115942,0.0,0
20160125.0,-1.0416666666666667,0.0,0
20160126.0,-1.0554347826086956,0.0,0
20160127.0,-1.0423913043478261,0.0,0
20160128.0,-1.047463768115942,0.0,0
20160129.0,-1.0605072463768115,0.0,0
20160201.0,-1.0510869565217391,0.0,0
20160202.0,-1.048913043478261,0.0,0
20160203.0,-1.0590579710144927,0.0,0
20160204.0,-1.0525362318840579,0.0,0
20160205.0,-1.0467391304347826,0.0,0
20160211.0,-1.069927536231884,0.0,0
20160212.0,-1.059782608695652,0.0,0
20160215.0,-1.0532608695652175,0.0,0
20160216.0,-1.0394927536231884,0.0,0
20160217.0,-1.0235507246376812,0.0,0
20160218.0,-1.0221014492753624,0.0,0
20160219.0,-1.0278985507246376,0.0,0
20160222.0,-1.030072463768116,0.0,0
20160223.0,-1.0322463768115941,0.0,0
20160224.0,-1.0394927536231884,0.0,0
20160225.0,-1.0336956521739131,0.0,0
20160226.0,-1.0336956521739131,0.0,0
20160229.0,-1.028623188405797,0.0,0
20160302.0,-1.0192028985507247,0.0,0
20160303.0,-1.0097826086956523,0.0,0
20160304.0,-1.0039855072463768,0.0,0
20160307.0,-1.0018115942028984,0.0,0
20160308.0,-1.0068840579710145,0.0,0
20160309.0,-1.025,0.0,0
20160310.0,-0.9981884057971014,0.0,0
20160311.0,-0.9858695652173913,0.0,0
20160314.0,-0.9713768115942029,0.0,0
20160315.0,-0.9778985507246377,0.0,0
20160316.0,-0.9786231884057971,0.0,0
20160317.0,-0.9547101449275363,0.0,0
20160318.0,-0.9677536231884057,0.0,0
20160321.0,-0.9670289855072464,0.0,0
20160322.0,-0.9670289855072464,0.0,0
20160323.0,-0.9670289855072464,0.0,0
20160324.0,-0.9590579710144927,0.0,0
20160325.0,-0.9590579710144927,0.0,0
20160328.0,-0.9518115942028985,0.0,0
20160329.0,-0.9518115942028985,0.0,0
20160330.0,-0.9365942028985508,0.0,0
20160331.0,-0.9416666666666667,0.0,0
20160401.0,-0.9452898550724638,0.0,0
20160404.0,-0.9481884057971014,0.0,0
20160405.0,-0.952536231884058,0.0,0
20160406.0,-0.9583333333333334,0.0,0
20160407.0,-0.9518115942028985,0.0,0
20160408.0,-0.9742753623188406,0.0,0
20160411.0,-0.9728260869565217,0.0,0
20160412.0,-0.9655797101449275,0.0,0
20160414.0,-0.9503623188405798,0.0,0
20160415.0,-0.9445652173913044,0.0,0
20160418.0,-0.9481884057971014,0.0,0
20160419.0,-0.9547101449275363,0.0,0
20160420.0,-0.9518115942028985,0.0,0
20160421.0,-0.9510869565217391,0.0,0
20160422.0,-0.9561594202898551,0.0,0
20160425.0,-0.9626811594202899,0.0,0
20160426.0,-0.9481884057971014,0.0,0
20160427.0,-0.9518115942028985,0.0,0
20160428.0,-0.9518115942028985,0.0,0
20160429.0,-0.9757246376811595,0.0,0
20160502.0,-0.9793478260869565,0.0,0
20160503.0,-0.9735507246376811,0.0,0
20160504.0,-0.9590579710144927,0.0,0
20160509.0,-0.9518115942028985,0.0,0
20160510.0,-0.9518115942028985,0.0,0
20160511.0,-0.952536231884058,0.0,0
20160512.0,-0.9576086956521739,0.0,0
20160513.0,-0.9655797101449275,0.0,0
20160516.0,-0.9786231884057971,0.0,0
20160517.0,-0.9771739130434782,0.0,0
20160518.0,-0.9728260869565217,0.0,0
20160519.0,-0.9684782608695652,0.0,0
20160520.0,-0.966304347826087,0.0,0
20160523.0,-0.9619565217391305,0.0,0
20160524.0,-0.9597826086956521,0.0,0
20160525.0,-0.9532608695652174,0.0,0
20160526.0,-0.9496376811594203,0.0,0
20160527.0,-0.9510869565217391,0.0,0
20160530.0,-0.9539855072463768,0.0,0
20160531.0,-0.9518115942028985,0.0,0
20160601.0,-0.9221014492753623,0.0,0
20160602.0,-0.8996376811594203,0.0,0
20160603.0,-0.8945652173913043,0.0,0
20160607.0,-0.8778985507246376,0.0,0
20160608.0,-0.8655797101449275,0.0,0
20160609.0,-0.8576086956521739,0.0,0
20160610.0,-0.861231884057971,0.0,0
20160613.0,-0.8822463768115942,0.0,0
20160614.0,-0.8894927536231884,0.0,0
20160615.0,-0.8677536231884058,0.0,0
20160616.0,-0.8670289855072464,0.0,0
20160617.0,-0.8539855072463768,0.0,0
20160620.0,-0.8445652173913043,0.0,0
20160621.0,-0.8438405797101449,0.0,0
20160622.0,-0.8431159420289855,0.0,0
20160623.0,-0.8467391304347827,0.0,0
20160624.0,-0.8467391304347827,0.0,0
20160627.0,-0.8757246376811594,0.0,0
20160628.0,-0.8764492753623189,0.0,0
20160629.0,-0.8706521739130435,0.0,0
20160630.0,-0.8467391304347827,0.0,0
20160701.0,-0.8221014492753623,0.0,0
20160704.0,-0.8257246376811594,0.0,0
20160705.0,-0.825,0.0,0
20160706.0,-0.8416666666666667,0.0,0
20160707.0,-0.8431159420289855,0.0,0
20160708.0,-0.825,0.0,0
20160711.0,-0.8068840579710145,0.0,0
20160712.0,-0.8032608695652174,0.0,0
20160713.0,-0.8097826086956522,0.0,0
20160714.0,-0.8068840579710145,0.0,0
20160715.0,-0.7909420289855073,0.0,0
20160718.0,-0.7829710144927536,0.0,0
20160719.0,-0.7778985507246376,0.0,0
20160720.0,-0.7764492753623189,0.0,0
20160721.0,-0.7728260869565218,0.0,0
20160722.0,-0.7865942028985508,0.0,0
20160725.0,-0.7902173913043479,0.0,0
20160726.0,-0.7844202898550725,0.0,0
20160727.0,-0.7858695652173913,0.0,0
20160728.0,-0.7807971014492754,0.0,0
20160729.0,-0.7655797101449275,0.0,0
20160801.0,-0.7489130434782608,0.0,0
20160802.0,-0.7576086956521739,0.0,0
20160803.0,-0.7721014492753623,0.0,0
20160804.0,-0.7829710144927536,0.0,0
20160805.0,-0.7605072463768116,0.0,0
20160808.0,-0.7525362318840579,0.0,0
20160809.0,-0.7496376811594203,0.0,0
20160810.0,-0.756159420289855,0.0,0
20160811.0,-0.7641304347826087,0.0,0
20160812.0,-0.756159420289855,0.0,0
20160816.0,-0.7518115942028986,0.0,0
20160817.0,-0.756159420289855,0.0,0
20160818.0,-0.702536231884058,0.0,0
20160819.0,-0.6800724637681159,0.0,0
20160822.0,-0.6677536231884058,0.0,0
20160823.0,-0.6663043478260869,0.0,0
20160824.0,-0.675,0.0,0
20160825.0,-0.6916666666666667,0.0,0
20160826.0,-0.7177536231884057,0.0,0
20160829.0,-0.7054347826086956,0.0,0
20160830.0,-0.6829710144927537,0.0,0
20160831.0,-0.7047101449275363,0.0,0
20160901.0,-0.7431159420289855,0.0,0
20160902.0,-0.725,0.0,0
20160905.0,-0.7235507246376811,0.0,0
20160906.0,-0.7018115942028985,0.0,0
20160907.0,-0.6967391304347826,0.0,0
20160908.0,-0.7061594202898551,0.0,0
20160909.0,-0.7213768115942029,0.0,0
20160912.0,-0.802536231884058,0.0,0
20160913.0,-0.7713768115942029,0.0,0
20160919.0,-0.7568840579710145,0.0,0
20160920.0,-0.7431159420289855,0.0,0
20160921.0,-0.7336956521739131,0.0,0
20160922.0,-0.7047101449275363,0.0,0
20160923.0,-0.7358695652173913,0.0,0
20160926.0,-0.7373188405797102,0.0,0
20160927.0,-0.7525362318840579,0.0,0
20160928.0,-0.7539855072463768,0.0,0
20160929.0,-0.7206521739130435,0.0,0
20160930.0,-0.7235507246376811,0.0,0
20161004.0,-0.7170289855072464,0.0,0
20161005.0,-0.7155797101449275,0.0,0
20161006.0,-0.6619565217391304,0.0,0
20161007.0,-0.6503623188405797,0.0,0
20161010.0,-0.6699275362318841,0.0,0
20161011.0,-0.716304347826087,0.0,0
20161012.0,-0.7742753623188405,0.0,0
20161013.0,-0.7481884057971014,0.0,0
20161014.0,-0.7431159420289855,0.0,0
20161017.0,-0.7329710144927536,0.0,0
20161018.0,-0.7380434782608696,0.0,0
20161019.0,-0.7032608695652174,0.0,0
20161020.0,-0.697463768115942,0.0,0
20161021.0,-0.725,0.0,0
20161024.0,-0.7286231884057971,0.0,0
20161025.0,-0.7315217391304348,0.0,0
20161026.0,-0.7351449275362318,0.0,0
20161027.0,-0.7221014492753624,0.0,0
20161028.0,-0.7242753623188406,0.0,0
20161031.0,-0.7061594202898551,0.0,0
20161101.0,-0.6967391304347826,0.0,0
20161102.0,-0.6967391304347826,0.0,0
20161103.0,-0.7054347826086956,0.0,0
20161104.0,-0.7097826086956521,0.0,0
20161107.0,-0.6981884057971014,0.0,0
20161108.0,-0.6989130434782609,0.0,0
20161109.0,-0.6931159420289855,0.0,0
20161110.0,-0.6981884057971014,0.0,0
20161111.0,-0.7213768115942029,0.0,0
20161114.0,-0.7373188405797102,0.0,0
20161115.0,-0.7481884057971014,0.0,0
20161116.0,-0.7605072463768116,0.0,0
20161117.0,-0.7518115942028986,0.0,0
20161118.0,-0.7431159420289855,0.0,0
20161121.0,-0.730072463768116,0.0,0
20161122.0,-0.7018115942028985,0.0,0
20161123.0,-0.6902173913043478,0.0,0
20161124.0,-0.6967391304347826,0.0,0
20161125.0,-0.6967391304347826,0.0,0
20161128.0,-0.6757246376811594,0.0,0
20161129.0,-0.6634057971014493,0.0,0
20161130.0,-0.6278985507246376,0.0,0
20161201.0,-0.6235507246376811,0.0,0
20161202.0,-0.6344202898550725,0.0,0
20161205.0,-0.6373188405797101,0.0,0
20161206.0,-0.6184782608695653,0.0,0
20161207.0,-0.6083333333333333,0.0,0
20161208.0,-0.5887681159420289,0.0,0
20161209.0,-0.5931159420289855,0.0,0
20161212.0,-0.6126811594202899,0.0,0
20161213.0,-0.6097826086956522,0.0,0
20161214.0,-0.6010869565217392,0.0,0
20161215.0,-0.6076086956521739,0.0,0
20161216.0,-0.5887681159420289,0.0,0
20161219.0,-0.5757246376811594,0.0,0
20161220.0,-0.575,0.0,0
20161221.0,-0.5677536231884058,0.0,0
20161222.0,-0.5786231884057971,0.0,0
20161223.0,-0.5865942028985507,0.0,0
20161226.0,-0.5894927536231884,0.0,0
20161227.0,-0.5822463768115942,0.0,0
20161228.0,-0.5902173913043478,0.0,0
20161229.0,-0.5880434782608696,0.0,0
20170102.0,-0.5807971014492753,0.0,0
20170103.0,-0.5670289855072463,0.0,0
20170104.0,-0.5706521739130435,0.0,0
20170105.0,-0.5873188405797102,0.0,0
20170106.0,-0.5735507246376812,0.0,0
20170109.0,-0.5351449275362319,0.0,0
20170110.0,-0.538768115942029,0.0,0
20170111.0,-0.4967391304347826,0.0,0
20170112.0,-0.4880434782608696,0.0,0
20170113.0,-0.5054347826086957,0.0,0
20170116.0,-0.5235507246376812,0.0,0
20170117.0,-0.5365942028985508,0.0,0
20170118.0,-0.5351449275362319,0.0,0
20170119.0,-0.519927536231884,0.0,0
20170120.0,-0.5380434782608695,0.0,0
20170123.0,-0.5148550724637682,0.0,0
20170124.0,-0.4960144927536232,0.0,0
20170125.0,-0.46630434782608693,0.0,0
20170126.0,-0.44456521739130433,0.0,0
20170131.0,-0.44818840579710145,0.0,0
20170201.0,-0.4568840579710145,0.0,0
20170202.0,-0.4568840579710145,0.0,0
20170203.0,-0.46268115942028987,0.0,0
20170206.0,-0.4568840579710145,0.0,0
20170207.0,-0.4597826086956522,0.0,0
20170208.0,-0.48876811594202896,0.0,0
20170209.0,-0.4865942028985507,0.0,0
20170210.0,-0.4894927536231884,0.0,0
20170213.0,-0.5148550724637682,0.0,0
20170214.0,-0.5076086956521739,0.0,0
20170215.0,-0.5184782608695652,0.0,0
20170216.0,-0.5039855072463768,0.0,0
20170217.0,-0.5155797101449275,0.0,0
20170220.0,-0.48876811594202896,0.0,0
20170221.0,-0.4605072463768116,0.0,0
20170222.0,-0.46847826086956523,0.0,0
20170223.0,-0.4648550724637681,0.0,0
20170224.0,-0.4771739130434783,0.0,0
20170227.0,-0.5119565217391304,0.0,0
20170228.0,-0.4894927536231884,0.0,0
20170302.0,-0.44963768115942027,0.0,0
20170303.0,-0.45471014492753625,0.0,0
20170306.0,-0.4365942028985507,0.0,0
20170307.0,-0.4329710144927536,0.0,0
20170308.0,-0.4221014492753623,0.0,0
20170309.0,-0.43369565217391304,0.0,0
20170310.0,-0.42934782608695654,0.0,0
20170313.0,-0.40905797101449276,0.0,0
20170314.0,-0.388768115942029,0.0,0
20170315.0,-0.3923913043478261,0.0,0
20170316.0,-0.3655797101449275,0.0,0
20170317.0,-0.3539855072463768,0.0,0
20170320.0,-0.3677536231884058,0.0,0
20170321.0,-0.34746376811594204,0.0,0
20170322.0,-0.35543478260869565,0.0,0
20170323.0,-0.35905797101449277,0.0,0
20170324.0,-0.37282608695652175,0.0,0
20170327.0,-0.3764492753623188,0.0,0
20170328.0,-0.3778985507246377,0.0,0
20170329.0,-0.3735507246376812,0.0,0
20170330.0,-0.3561594202898551,0.0,0
20170331.0,-0.3713768115942029,0.0,0
20170403.0,-0.3822463768115942,0.0,0
20170404.0,-0.3655797101449275,0.0,0
20170405.0,-0.36340579710144927,0.0,0
20170406.0,-0.36920289855072463,0.0,0
20170407.0,-0.3786231884057971,0.0,0
20170410.0,-0.37427536231884057,0.0,0
20170411.0,-0.37427536231884057,0.0,0
20170412.0,-0.37427536231884057,0.0,0
20170413.0,-0.35543478260869565,0.0,0
20170414.0,-0.36268115942028983,0.0,0
20170417.0,-0.36920289855072463,0.0,0
20170418.0,-0.3786231884057971,0.0,0
20170419.0,-0.39311594202898553,0.0,0
20170420.0,-0.41557971014492756,0.0,0
20170421.0,-0.3938405797101449,0.0,0
20170424.0,-0.39891304347826084,0.0,0
20170425.0,-0.3452898550724638,0.0,0
20170426.0,-0.3431159420289855,0.0,0
20170427.0,-0.2807971014492754,0.0,0
20170428.0,-0.23442028985507246,0.0,0
20170502.0,-0.24528985507246376,0.0,0
20170504.0,-0.23804347826086958,0.0,0
20170508.0,-0.19021739130434784,0.0,0
20170510.0,-0.18297101449275363,0.0,0
20170511.0,-0.22065217391304348,0.0,0
20170512.0,-0.2213768115942029,0.0,0
20170515.0,-0.21702898550724636,0.0,0
20170516.0,-0.19818840579710145,0.0,0
20170517.0,-0.20398550724637682,0.0,0
20170518.0,-0.22717391304347825,0.0,0
20170519.0,-0.2351449275362319,0.0,0
20170522.0,-0.24963768115942028,0.0,0
20170523.0,-0.24239130434782608,0.0,0
20170524.0,-0.252536231884058,0.0,0
20170525.0,-0.23876811594202899,0.0,0
20170526.0,-0.2105072463768116,0.0,0
20170529.0,-0.21268115942028987,0.0,0
20170530.0,-0.2394927536231884,0.0,0
20170531.0,-0.26268115942028986,0.0,0
20170601.0,-0.26702898550724635,0.0,0
20170602.0,-0.2286231884057971,0.0,0
20170605.0,-0.2141304347826087,0.0,0
20170607.0,-0.20905797101449275,0.0,0
20170608.0,-0.24239130434782608,0.0,0
20170609.0,-0.21123188405797103,0.0,0
20170612.0,-0.24166666666666667,0.0,0
20170613.0,-0.24094202898550723,0.0,0
20170614.0,-0.225,0.0,0
20170615.0,-0.23007246376811594,0.0,0
20170616.0,-0.22934782608695653,0.0,0
20170619.0,-0.2068840579710145,0.0,0
20170620.0,-0.14963768115942028,0.0,0
20170621.0,-0.1503623188405797,0.0,0
20170622.0,-0.15181159420289855,0.0,0
20170623.0,-0.16268115942028985,0.0,0
20170626.0,-0.14166666666666666,0.0,0
20170627.0,-0.14021739130434782,0.0,0
20170628.0,-0.15471014492753624,0.0,0
20170629.0,-0.1431159420289855,0.0,0
20170630.0,-0.16847826086956522,0.0,0
20170703.0,-0.16268115942028985,0.0,0
20170704.0,-0.17644927536231883,0.0,0
20170705.0,-0.16630434782608697,0.0,0
20170706.0,-0.15108695652173912,0.0,0
20170707.0,-0.1503623188405797,0.0,0
20170710.0,-0.12210144927536232,0.0,0
20170711.0,-0.11847826086956521,0.0,0
20170712.0,-0.0822463768115942,0.0,0
20170713.0,-0.04818840579710145,0.0,0
20170714.0,-0.043115942028985506,0.0,0
20170717.0,-0.04528985507246377,0.0,0
20170718.0,-0.05036231884057971,0.0,0
20170719.0,-0.05253623188405797,0.0,0
20170720.0,-0.034420289855072464,0.0,0
20170721.0,-0.04021739130434782,0.0,0
20170724.0,-0.04601449275362319,0.0,0
20170725.0,-0.05471014492753623,0.0,0
20170726.0,-0.08152173913043478,0.0,0
20170727.0,-0.059057971014492755,0.0,0
20170728.0,-0.08949275362318841,0.0,0
20170731.0,-0.1460144927536232,0.0,0
20170801.0,-0.12427536231884058,0.0,0
20170802.0,-0.10615942028985507,0.0,0
20170803.0,-0.11847826086956521,0.0,0
20170804.0,-0.14818840579710144,0.0,0
20170807.0,-0.15181159420289855,0.0,0
20170808.0,-0.14528985507246378,0.0,0
20170809.0,-0.17644927536231883,0.0,0
20170810.0,-0.21557971014492755,0.0,0
20170811.0,-0.252536231884058,0.0,0
20170814.0,-0.24891304347826088,0.0,0
20170816.0,-0.21340579710144927,0.0,0
20170817.0,-0.18007246376811595,0.0,0
20170818.0,-0.1822463768115942,0.0,0
20170821.0,-0.1822463768115942,0.0,0
20170822.0,-0.18514492753623188,0.0,0
20170823.0,-0.16268115942028985,0.0,0
20170824.0,-0.16702898550724637,0.0,0
20170825.0,-0.15905797101449276,0.0,0
20170828.0,-0.1822463768115942,0.0,0
20170829.0,-0.22427536231884057,0.0,0
20170830.0,-0.21268115942028987,0.0,0
20170831.0,-0.20398550724637682,0.0,0
20170901.0,-0.20398550724637682,0.0,0
20170904.0,-0.2141304347826087,0.0,0
20170905.0,-0.19456521739130433,0.0,0
20170906.0,-0.18442028985507247,0.0,0
20170907.0,-0.14673913043478262,0.0,0
20170908.0,-0.11195652173913044,0.0,0
20170911.0,-0.07572463768115942,0.0,0
20170912.0,-0.07427536231884058,0.0,0
20170913.0,-0.0677536231884058,0.0,0
20170914.0,-0.07065217391304347,0.0,0
20170915.0,-0.06195652173913044,0.0,0
20170918.0,0.007608695652173913,0.0,0
20170919.0,0.013405797101449275,0.0,0
20170920.0,0.008333333333333333,0.0,0
20170921.0,0.025,0.0,0
20170922.0,0.04818840579710145,0.0,0
20170925.0,0.051086956521739134,0.0,0
20170926.0,0.030797101449275364,0.0,0
20170927.0,-0.002536231884057971,0.0,0
20170928.0,0.006884057971014493,0.0,0
20170929.0,-0.02355072463768116,0.0,0
20171010.0,0.04963768115942029,0.0,0
20171011.0,0.09021739130434783,0.0,0
20171012.0,0.10471014492753623,0.0,0
20171013.0,0.0931159420289855,0.0,0
20171016.0,0.09384057971014492,0.0,0
20171017.0,0.11268115942028986,0.0,0
20171018.0,0.10760869565217392,0.0,0
20171019.0,0.08804347826086957,0.0,0
20171020.0,0.06630434782608696,0.0,0
20171023.0,0.08586956521739131,0.0,0
20171024.0,0.09094202898550724,0.0,0
20171025.0,0.07789855072463768,0.0,0
20171026.0,0.059057971014492755,0.0,0
20171027.0,0.03804347826086957,0.0,0
20171030.0,0.07427536231884058,0.0,0
20171031.0,0.11485507246376811,0.0,0
20171101.0,0.1894927536231884,0.0,0
20171102.0,0.19021739130434784,1.0,0
20171103.0,0.17644927536231883,0.0,0
20171106.0,0.1532608695652174,0.0,0
20171107.0,0.16847826086956522,0.0,0
20171108.0,0.17355072463768115,0.0,0
20171109.0,0.16847826086956522,0.0,0
20171110.0,0.15471014492753624,0.0,0
20171113.0,0.1641304347826087,0.0,0
20171114.0,0.16195652173913044,0.0,0
20171115.0,0.14673913043478262,0.0,0
20171116.0,0.1351449275362319,0.0,0
20171117.0,0.16702898550724637,0.0,0
20171120.0,0.13442028985507246,0.0,0
20171121.0,0.12934782608695652,0.0,0
20171122.0,0.1423913043478261,0.0,0
20171123.0,0.13442028985507246,0.0,0
20171124.0,0.11702898550724637,0.0,0
20171127.0,0.11195652173913044,0.0,0
20171128.0,0.036594202898550726,0.0,0
20171129.0,0.035144927536231885,0.0,0
20171130.0,-0.014855072463768116,0.0,0
20171201.0,-0.017753623188405798,0.0,0
20171204.0,-0.03369565217391304,0.0,0
20171205.0,-0.035144927536231885,0.0,0
20171206.0,-0.02572463768115942,0.0,0
20171207.0,-0.04673913043478261,0.0,0
20171208.0,-0.009782608695652175,0.0,0
20171211.0,-0.008333333333333333,0.0,0
20171212.0,-0.006159420289855073,0.0,0
20171213.0,-0.006159420289855073,0.0,0
20171214.0,0.00036231884057971015,0.0,0
20171215.0,-0.0286231884057971,0.0,0
20171218.0,-0.03731884057971015,0.0,0
20171219.0,-0.006884057971014493,0.0,0
20171220.0,-0.01847826086956522,0.0,0
20171221.0,-0.04384057971014493,0.0,0
20171222.0,-0.08369565217391305,0.0,0
20171226.0,-0.0786231884057971,0.0,0
20171227.0,-0.09818840579710145,0.0,0
20171228.0,-0.04746376811594203,0.0,0
20180102.0,-0.03152173913043478,0.0,0
20180103.0,0.010507246376811594,0.0,0
20180104.0,-0.003260869565217391,0.0,0
20180105.0,-0.005434782608695652,0.0,0
20180108.0,0.009057971014492754,0.0,0
20180109.0,-0.019927536231884056,0.0,0
20180110.0,-0.06340579710144928,0.0,0
20180111.0,-0.10905797101449276,0.0,0
20180112.0,-0.13731884057971014,0.0,0
20180115.0,-0.11920289855072463,0.0,0
20180116.0,-0.07717391304347826,0.0,0
20180117.0,-0.08152173913043478,0.0,0
20180118.0,-0.059057971014492755,0.0,0
20180119.0,-0.06847826086956521,0.0,0
20180122.0,-0.13007246376811593,0.0,0
20180123.0,-0.11268115942028986,0.0,0
20180124.0,-0.0931159420289855,0.0,0
20180125.0,-0.06920289855072463,0.0,0
20180126.0,-0.05398550724637681,0.0,0
20180129.0,-0.0286231884057971,0.0,0
20180130.0,-0.059057971014492755,0.0,0
20180131.0,0.0677536231884058,0.0,0
20180201.0,-0.04746376811594203,0.0,0
20180202.0,-0.10398550724637681,0.0,0
20180205.0,-0.1431159420289855,0.0,0
20180206.0,-0.15760869565217392,0.0,0
20180207.0,-0.14528985507246378,0.0,0
20180208.0,-0.20471014492753623,0.0,0
20180209.0,-0.2568840579710145,0.0,0
20180212.0,-0.21557971014492755,0.0,0
20180213.0,-0.15253623188405796,0.0,0
20180214.0,-0.11485507246376811,0.0,0
20180219.0,-0.08949275362318841,0.0,0
20180220.0,-0.14891304347826087,0.0,0
20180221.0,-0.16992753623188406,0.0,0
20180222.0,-0.1815217391304348,0.0,0
20180223.0,-0.16195652173913044,0.0,0
20180226.0,-0.17065217391304346,0.0,0
20180227.0,-0.14094202898550726,0.0,0
20180228.0,-0.15108695652173912,0.0,0
20180302.0,-0.19818840579710145,0.0,0
20180305.0,-0.2213768115942029,0.0,0
20180306.0,-0.18731884057971016,0.0,0
20180307.0,-0.12210144927536232,0.0,0
20180308.0,-0.10108695652173913,0.0,0
20180309.0,-0.06268115942028986,0.0,0
20180312.0,-0.05398550724637681,0.0,0
20180313.0,-0.02210144927536232,0.0,0
20180314.0,-0.009782608695652175,0.0,0
20180315.0,-0.009057971014492754,0.0,0
20180316.0,-0.030797101449275364,0.0,0
20180319.0,-0.03369565217391304,0.0,0
20180320.0,-0.03876811594202899,0.0,0
20180321.0,-0.017753623188405798,0.0,0
20180322.0,-0.017753623188405798,0.0,0
20180323.0,-0.05615942028985507,0.0,0
20180326.0,-0.07210144927536231,0.0,0
20180327.0,-0.06557971014492754,0.0,0
20180328.0,-0.11485507246376811,0.0,0
20180329.0,-0.09818840579710145,0.0,0
20180330.0,-0.08586956521739131,0.0,0
20180402.0,-0.1105072463768116,0.0,0
20180403.0,-0.14963768115942028,0.0,0
20180404.0,-0.14528985507246378,0.0,0
20180405.0,-0.10471014492753623,0.0,0
20180406.0,-0.13369565217391305,0.0,0
20180409.0,-0.10253623188405797,0.0,0
20180410.0,-0.1105072463768116,0.0,0
20180411.0,-0.08586956521739131,0.0,0
20180412.0,-0.10253623188405797,0.0,0
20180413.0,-0.07572463768115942,0.0,0
20180416.0,-0.060507246376811596,0.0,0
20180417.0,-0.06268115942028986,0.0,0
20180418.0,-0.03297101449275362,0.0,0
20180419.0,0.02572463768115942,0.0,0
20180420.0,-0.00036231884057971015,0.0,0
20180423.0,-0.006884057971014493,0.0,0
20180424.0,-0.014855072463768116,0.0,0
20180425.0,-0.0641304347826087,0.0,0
20180426.0,-0.003985507246376811,0.0,0
20180427.0,0.04963768115942029,0.0,0
20180430.0,0.02644927536231884,0.0,0
20180502.0,0.02644927536231884,0.0,0
20180503.0,0.02644927536231884,0.0,0
20180504.0,0.059057971014492755,0.0,0
20180508.0,0.03369565217391304,0.0,0
20180509.0,0.01920289855072464,0.0,0
20180510.0,-0.020652173913043477,0.0,0
20180511.0,-0.002536231884057971,0.0,0
20180514.0,-0.042391304347826085,0.0,0
20180515.0,-0.0677536231884058,0.0,0
20180516.0,-0.075,0.0,0
20180517.0,-0.0641304347826087,0.0,0
20180518.0,-0.08586956521739131,0.0,0
20180521.0,-0.075,0.0,0
20180523.0,-0.009782608695652175,0.0,0
20180524.0,-0.009782608695652175,0.0,0
20180525.0,0.01920289855072464,0.0,0
20180528.0,0.02644927536231884,0.0,0
20180529.0,0.008333333333333333,0.0,0
20180530.0,-0.02789855072463768,0.0,0
20180531.0,-0.05326086956521739,0.0,0
20180601.0,-0.020652173913043477,0.0,0
20180604.0,-0.03876811594202899,0.0,0
20180605.0,-0.03152173913043478,0.0,0
20180607.0,-0.017028985507246377,0.0,0
20180608.0,-0.0677536231884058,0.0,0
20180611.0,-0.0713768115942029,0.0,0
20180612.0,-0.08949275362318841,0.0,0
20180614.0,-0.11847826086956521,0.0,0
20180615.0,-0.12934782608695652,0.0,0
20180618.0,-0.1673913043478261,0.0,0
20180619.0,-0.1782608695652174,0.0,0
20180620.0,-0.16920289855072465,0.0,0
20180621.0,-0.15833333333333333,0.0,0
20180622.0,-0.18188405797101448,0.0,0
20180625.0,-0.1891304347826087,0.0,0
20180626.0,-0.18007246376811595,0.0,0
20180627.0,-0.13659420289855073,0.0,0
20180628.0,-0.1855072463768116,0.0,0
20180629.0,-0.1855072463768116,0.0,0
20180702.0,-0.1855072463768116,0.0,0
20180703.0,-0.2108695652173913,0.0,0
20180704.0,-0.1891304347826087,0.0,0
20180705.0,-0.2072463768115942,0.0,0
20180706.0,-0.2326086956521739,0.0,0
20180709.0,-0.22355072463768116,0.0,0
20180710.0,-0.2072463768115942,0.0,0
20180711.0,-0.2108695652173913,0.0,0
20180712.0,-0.21811594202898552,0.0,0
20180713.0,-0.20905797101449275,0.0,0
20180716.0,-0.19818840579710145,0.0,0
20180717.0,-0.21992753623188405,0.0,0
20180718.0,-0.18369565217391304,0.0,0
20180719.0,-0.18369565217391304,0.0,0
20180720.0,-0.16920289855072465,0.0,0
20180723.0,-0.18369565217391304,0.0,0
20180724.0,-0.20543478260869566,0.0,0
20180725.0,-0.2072463768115942,0.0,0
20180726.0,-0.19094202898550725,0.0,0
20180727.0,-0.19094202898550725,0.0,0
20180730.0,-0.19818840579710145,0.0,0
20180731.0,-0.2108695652173913,0.0,0
20180801.0,-0.1963768115942029,0.0,0
20180802.0,-0.19818840579710145,0.0,0
20180803.0,-0.23079710144927537,0.0,0
20180806.0,-0.2217391304347826,0.0,0
20180807.0,-0.2,0.0,0
20180808.0,-0.19094202898550725,0.0,0
20180809.0,-0.1891304347826087,0.0,0
20180810.0,-0.21268115942028987,0.0,0
20180813.0,-0.2597826086956522,0.0,0
20180814.0,-0.24891304347826088,0.0,0
20180816.0,-0.27608695652173915,0.0,0
20180817.0,-0.2851449275362319,0.0,0
20180820.0,-0.29239130434782606,0.0,0
20180821.0,-0.26702898550724635,0.0,0
20180822.0,-0.21992753623188405,0.0,0
20180823.0,-0.21992753623188405,0.0,0
20180824.0,-0.21268115942028987,0.0,0
20180827.0,-0.2072463768115942,0.0,0
20180828.0,-0.1927536231884058,0.0,0
20180829.0,-0.19818840579710145,0.0,0
20180830.0,-0.1565217391304348,0.0,0
20180831.0,-0.13840579710144926,0.0,0
20180903.0,-0.14384057971014494,0.0,0
20180904.0,-0.16195652173913044,0.0,0
20180905.0,-0.1746376811594203,0.0,0
20180906.0,-0.21268115942028987,0.0,0
20180907.0,-0.25615942028985506,0.0,0
20180910.0,-0.24347826086956523,0.0,0
20180911.0,-0.23079710144927537,0.0,0
20180912.0,-0.2597826086956522,0.0,0
20180913.0,-0.27246376811594203,0.0,0
20180914.0,-0.2326086956521739,0.0,0
20180917.0,-0.23442028985507246,0.0,0
20180918.0,-0.23079710144927537,0.0,0
20180919.0,-0.21992753623188405,0.0,0
20180920.0,-0.16920289855072465,0.0,0
20180921.0,-0.17101449275362318,0.0,0
20180927.0,-0.17282608695652174,0.0,0
20180928.0,-0.18188405797101448,0.0,0
20181001.0,-0.19818840579710145,0.0,0
20181002.0,-0.20181159420289854,0.0,0
20181004.0,-0.24166666666666667,0.0,0
20181005.0,-0.24528985507246376,0.0,0
20181008.0,-0.25615942028985506,0.0,0
20181010.0,-0.24528985507246376,0.0,0
20181011.0,-0.27608695652173915,0.0,0
20181012.0,-0.27608695652173915,0.0,0
20181015.0,-0.29782608695652174,0.0,0
20181016.0,-0.2942028985507246,0.0,0
20181017.0,-0.28152173913043477,0.0,0
20181018.0,-0.2833333333333333,0.0,0
20181019.0,-0.2942028985507246,0.0,0
20181022.0,-0.30144927536231886,0.0,0
20181023.0,-0.31956521739130433,0.0,0
20181024.0,-0.3322463768115942,0.0,0
20181025.0,-0.3884057971014493,0.0,0
20181026.0,-0.39746376811594203,0.0,0
20181029.0,-0.3739130434782609,0.0,0
20181030.0,-0.3358695652173913,0.0,0
20181031.0,-0.32318840579710145,0.0,0
20181101.0,-0.33768115942028987,0.0,0
20181102.0,-0.29057971014492756,0.0,0
20181105.0,-0.3068840579710145,0.0,0
20181106.0,-0.3068840579710145,0.0,0
20181107.0,-0.28152173913043477,0.0,0
20181108.0,-0.26159420289855073,0.0,0
20181109.0,-0.2688405797101449,0.0,0
20181112.0,-0.2543478260869565,0.0,0
20181113.0,-0.28152173913043477,0.0,0
20181114.0,-0.28152173913043477,0.0,0
20181115.0,-0.28695652173913044,0.0,0
20181116.0,-0.27246376811594203,0.0,0
20181119.0,-0.29057971014492756,0.0,0
20181120.0,-0.3358695652173913,0.0,0
20181121.0,-0.361231884057971,0.0,0
20181122.0,-0.34855072463768116,0.0,0
20181123.0,-0.3503623188405797,0.0,0
20181126.0,-0.3431159420289855,0.0,0
20181127.0,-0.3322463768115942,0.0,0
20181128.0,-0.32862318840579713,0.0,0
20181129.0,-0.3050724637681159,0.0,0
20181130.0,-0.2996376811594203,0.0,0
20181203.0,-0.3213768115942029,0.0,0
20181204.0,-0.3394927536231884,0.0,0
20181205.0,-0.38115942028985506,0.0,0
20181206.0,-0.4047101449275362,0.0,0
20181207.0,-0.3938405797101449,0.0,0
20181210.0,-0.4210144927536232,0.0,0
20181211.0,-0.4192028985507246,0.0,0
20181212.0,-0.4192028985507246,0.0,0
20181213.0,-0.41739130434782606,0.0,0
20181214.0,-0.43731884057971016,0.0,0
20181217.0,-0.45905797101449275,0.0,0
20181218.0,-0.47355072463768116,0.0,0
20181219.0,-0.4681159420289855,0.0,0
20181220.0,-0.4771739130434783,0.0,0
20181221.0,-0.4934782608695652,0.0,0
20181224.0,-0.4789855072463768,0.0,0
20181226.0,-0.48985507246376814,0.0,0
20181227.0,-0.4880434782608696,0.0,0
20181228.0,-0.48442028985507246,0.0,0
20190102.0,-0.46630434782608693,0.0,0
20190103.0,-0.4971014492753623,0.0,0
20190104.0,-0.5315217391304348,0.0,0
20190107.0,-0.48442028985507246,0.0,0
20190108.0,-0.47355072463768116,0.0,0
20190109.0,-0.45905797101449275,0.0,0
20190110.0,-0.4391304347826087,0.0,0
20190111.0,-0.4246376811594203,0.0,0
20190114.0,-0.4192028985507246,0.0,0
20190115.0,-0.4047101449275362,0.0,0
20190116.0,-0.39202898550724635,0.0,0
20190117.0,-0.3684782608695652,0.0,0
20190118.0,-0.3576086956521739,0.0,0
20190121.0,-0.34492753623188405,0.0,0
20190122.0,-0.34130434782608693,0.0,0
20190123.0,-0.3630434782608696,0.0,0
20190124.0,-0.3322463768115942,0.0,0
20190125.0,-0.27246376811594203,0.0,0
20190128.0,-0.24528985507246376,0.0,0
20190129.0,-0.24528985507246376,0.0,0
20190130.0,-0.21268115942028987,0.0,0
20190131.0,-0.1891304347826087,0.0,0
20190201.0,-0.1927536231884058,0.0,0
20190207.0,-0.18731884057971016,0.0,0
20190208.0,-0.23804347826086958,0.0,0
20190211.0,-0.2634057971014493,0.0,0
20190212.0,-0.21811594202898552,0.0,0
20190213.0,-0.20181159420289854,0.0,0
20190214.0,-0.17282608695652174,0.0,0
20190215.0,-0.1963768115942029,0.0,0
20190218.0,-0.1963768115942029,0.0,0
20190219.0,-0.2217391304347826,0.0,0
20190220.0,-0.18731884057971016,0.0,0
20190221.0,-0.18369565217391304,0.0,0
20190222.0,-0.1855072463768116,0.0,0
20190225.0,-0.17101449275362318,0.0,0
20190226.0,-0.1746376811594203,0.0,0
20190227.0,-0.18188405797101448,0.0,0
20190228.0,-0.20905797101449275,0.0,0
20190304.0,-0.22355072463768116,0.0,0
20190305.0,-0.2597826086956522,0.0,0
20190306.0,-0.288768115942029,0.0,0
20190307.0,-0.26521739130434785,0.0,0
20190308.0,-0.27065217391304347,0.0,0
20190311.0,-0.2833333333333333,0.0,0
20190312.0,-0.26521739130434785,0.0,0
20190313.0,-0.2833333333333333,0.0,0
20190314.0,-0.288768115942029,0.0,0
20190315.0,-0.29057971014492756,0.0,0
20190318.0,-0.2942028985507246,0.0,0
20190319.0,-0.3032608695652174,0.0,0
20190320.0,-0.29239130434782606,0.0,0
20190321.0,-0.21811594202898552,0.0,0
20190322.0,-0.19094202898550725,0.0,0
20190325.0,-0.2398550724637681,0.0,0
20190326.0,-0.23804347826086958,0.0,0
20190327.0,-0.24166666666666667,0.0,0
20190328.0,-0.25615942028985506,0.0,0
20190329.0,-0.26702898550724635,0.0,0
20190401.0,-0.24710144927536232,0.0,0
20190402.0,-0.22355072463768116,0.0,0
20190403.0,-0.2,0.0,0
20190404.0,-0.18731884057971016,0.0,0
20190405.0,-0.17101449275362318,0.0,0
20190408.0,-0.18188405797101448,0.0,0
20190409.0,-0.1927536231884058,0.0,0
20190410.0,-0.20181159420289854,0.0,0
20190411.0,-0.19818840579710145,0.0,0
20190412.0,-0.19456521739130433,0.0,0
20190415.0,-0.17282608695652174,0.0,0
20190416.0,-0.17644927536231883,0.0,0
20190417.0,-0.16920289855072465,0.0,0
20190418.0,-0.18188405797101448,0.0,0
20190419.0,-0.22717391304347825,0.0,0
20190422.0,-0.23079710144927537,0.0,0
20190423.0,-0.24528985507246376,0.0,0
20190424.0,-0.2398550724637681,0.0,0
20190425.0,-0.2634057971014493,0.0,0
20190426.0,-0.2634057971014493,0.0,0
20190429.0,-0.2217391304347826,0.0,0
20190430.0,-0.21630434782608696,0.0,0
20190502.0,-0.2217391304347826,0.0,0
20190503.0,-0.22536231884057972,0.0,0
20190507.0,-0.252536231884058,0.0,0
20190508.0,-0.2688405797101449,0.0,0
20190509.0,-0.29057971014492756,0.0,0
20190510.0,-0.31956521739130433,0.0,0
20190513.0,-0.32862318840579713,0.0,0
20190514.0,-0.3322463768115942,0.0,0
20190515.0,-0.33405797101449275,0.0,0
20190516.0,-0.3576086956521739,0.0,0
20190517.0,-0.37028985507246376,0.0,0
20190520.0,-0.3684782608695652,0.0,0
20190521.0,-0.30144927536231886,0.0,0
20190522.0,-0.3068840579710145,0.0,0
20190523.0,-0.2996376811594203,0.0,0
20190524.0,-0.3068840579710145,0.0,0
20190527.0,-0.3358695652173913,0.0,0
20190528.0,-0.33768115942028987,0.0,0
20190529.0,-0.3684782608695652,0.0,0
20190530.0,-0.3467391304347826,0.0,0
20190531.0,-0.3431159420289855,0.0,0
20190603.0,-0.3032608695652174,0.0,0
20190604.0,-0.3105072463768116,0.0,0
20190605.0,-0.29239130434782606,0.0,0
20190607.0,-0.28695652173913044,0.0,0
20190610.0,-0.2688405797101449,0.0,0
20190611.0,-0.2634057971014493,0.0,0
20190612.0,-0.26159420289855073,0.0,0
20190613.0,-0.2851449275362319,0.0,0
20190614.0,-0.2942028985507246,0.0,0
20190617.0,-0.29782608695652174,0.0,0
20190618.0,-0.28152173913043477,0.0,0
20190619.0,-0.24710144927536232,0.0,0
20190620.0,-0.24528985507246376,0.0,0
20190621.0,-0.23442028985507246,0.0,0
20190624.0,-0.23442028985507246,0.0,0
20190625.0,-0.23442028985507246,0.0,0
20190626.0,-0.22717391304347825,0.0,0
20190627.0,-0.20543478260869566,0.0,0
20190628.0,-0.19094202898550725,0.0,0
20190701.0,-0.17644927536231883,0.0,0
20190702.0,-0.19456521739130433,0.0,0
20190703.0,-0.2144927536231884,0.0,0
20190704.0,-0.21992753623188405,0.0,0
20190705.0,-0.2289855072463768,0.0,0
20190708.0,-0.27065217391304347,0.0,0
20190709.0,-0.24710144927536232,0.0,0
20190710.0,-0.2217391304347826,0.0,0
20190711.0,-0.2072463768115942,0.0,0
20190712.0,-0.21268115942028987,0.0,0
20190715.0,-0.2036231884057971,0.0,0
20190716.0,-0.1963768115942029,0.0,0
20190717.0,-0.2144927536231884,0.0,0
20190718.0,-0.2108695652173913,0.0,0
20190719.0,-0.1927536231884058,0.0,0
20190722.0,-0.18007246376811595,0.0,0
20190723.0,-0.17101449275362318,0.0,0
20190724.0,-0.1855072463768116,0.0,0
20190725.0,-0.18369565217391304,0.0,0
20190726.0,-0.1855072463768116,0.0,0
20190729.0,-0.1891304347826087,0.0,0
20190730.0,-0.1963768115942029,0.0,0
20190731.0,-0.20543478260869566,0.0,0
20190801.0,-0.24528985507246376,0.0,0
20190802.0,-0.24528985507246376,0.0,0
20190805.0,-0.2778985507246377,0.0,0
20190806.0,-0.3068840579710145,0.0,0
20190807.0,-0.3032608695652174,0.0,0
20190808.0,-0.3177536231884058,0.0,0
20190809.0,-0.32318840579710145,0.0,0
20190812.0,-0.2996376811594203,0.0,0
20190813.0,-0.3177536231884058,0.0,0
20190814.0,-0.29057971014492756,0.0,0
20190816.0,-0.3032608695652174,0.0,0
20190819.0,-0.28695652173913044,0.0,0
20190820.0,-0.2778985507246377,0.0,0
20190821.0,-0.27065217391304347,0.0,0
20190822.0,-0.2742753623188406,0.0,0
20190823.0,-0.29239130434782606,0.0,0
20190826.0,-0.3068840579710145,0.0,0
20190827.0,-0.29239130434782606,0.0,0
20190828.0,-0.2851449275362319,0.0,0
20190829.0,-0.29239130434782606,0.0,0
20190830.0,-0.288768115942029,0.0,0
20190902.0,-0.2688405797101449,0.0,0
20190903.0,-0.31231884057971016,0.0,0
20190904.0,-0.2960144927536232,0.0,0
20190905.0,-0.22355072463768116,0.0,0
20190906.0,-0.20905797101449275,0.0,0
20190909.0,-0.19094202898550725,0.0,0
20190910.0,-0.18369565217391304,0.0,0
20190911.0,-0.17644927536231883,0.0,0
20190916.0,-0.18731884057971016,0.0,0
20190917.0,-0.18731884057971016,0.0,0
20190918.0,-0.16557971014492753,0.0,0
20190919.0,-0.11123188405797102,0.0,0
20190920.0,-0.0967391304347826,0.0,0
20190923.0,-0.10760869565217392,0.0,0
20190924.0,-0.09492753623188406,0.0,0
20190925.0,-0.10579710144927536,0.0,0
20190926.0,-0.10942028985507246,0.0,0
20190927.0,-0.12934782608695652,0.0,0
20190930.0,-0.10942028985507246,0.0,0
20191001.0,-0.11485507246376811,0.0,0
20191002.0,-0.14021739130434782,0.0,0
20191004.0,-0.13115942028985508,0.0,0
20191007.0,-0.12934782608695652,0.0,0
20191008.0,-0.11847826086956521,0.0,0
20191010.0,-0.11123188405797102,0.0,0
20191011.0,-0.10217391304347827,0.0,0
20191014.0,-0.0713768115942029,0.0,0
20191015.0,-0.075,0.0,0
20191016.0,-0.04963768115942029,0.0,0
20191017.0,-0.060507246376811596,0.0,0
20191018.0,-0.04963768115942029,0.0,0
20191021.0,-0.0677536231884058,0.0,0
20191022.0,-0.02789855072463768,0.0,0
20191023.0,-0.02789855072463768,0.0,0
20191024.0,0.008333333333333333,0.0,0
20191025.0,-0.03876811594202899,0.0,0
20191028.0,-0.02789855072463768,0.0,0
20191029.0,-0.020652173913043477,0.0,0
20191030.0,-0.05326086956521739,0.0,0
20191031.0,-0.03152173913043478,0.0,0
20191101.0,-0.03876811594202899,0.0,0
20191104.0,0.0010869565217391304,0.0,0
20191105.0,0.015579710144927537,0.0,0
20191106.0,0.04456521739130435,0.0,0
20191107.0,0.040942028985507244,0.0,0
20191108.0,0.03731884057971015,0.0,0
20191111.0,-0.002536231884057971,0.0,0
20191112.0,0.011956521739130435,0.0,0
20191113.0,0.008333333333333333,0.0,0
20191114.0,0.01920289855072464,0.0,0
20191115.0,0.05181159420289855,0.0,0
20191118.0,0.05543478260869565,0.0,0
20191119.0,0.04456521739130435,0.0,0
20191120.0,0.040942028985507244,0.0,0
20191121.0,-0.006159420289855073,0.0,0
20191122.0,-0.02427536231884058,0.0,0
20191125.0,0.011956521739130435,0.0,0
20191126.0,0.02282608695652174,0.0,0
20191127.0,0.0010869565217391304,0.0,0
20191128.0,-0.006159420289855073,0.0,0
20191129.0,-0.03152173913043478,0.0,0
20191202.0,-0.035144927536231885,0.0,0
20191203.0,-0.0713768115942029,0.0,0
20191204.0,-0.08768115942028985,0.0,0
20191205.0,-0.0677536231884058,0.0,0
20191206.0,-0.04963768115942029,0.0,0
20191209.0,-0.03152173913043478,0.0,0
20191210.0,-0.02427536231884058,0.0,0
20191211.0,-0.002536231884057971,0.0,0
20191212.0,0.03731884057971015,0.0,0
20191213.0,0.09166666666666666,0.0,0
20191216.0,0.09528985507246376,0.0,0
20191217.0,0.1605072463768116,0.0,0
20191218.0,0.1786231884057971,0.0,0
20191219.0,0.1822463768115942,0.0,0
20191220.0,0.1532608695652174,0.0,0
20191223.0,0.14963768115942028,0.0,0
20191224.0,0.12427536231884058,0.0,0
20191226.0,0.11340579710144928,0.0,0
20191227.0,0.1677536231884058,0.0,0
20191230.0,0.15688405797101448,0.0,0
20200102.0,0.1351449275362319,0.0,0
20200103.0,0.15688405797101448,0.0,0
20200106.0,0.12065217391304348,0.0,0
20200107.0,0.14963768115942028,0.0,0
20200108.0,0.1858695652173913,0.0,0
20200109.0,0.22934782608695653,0.0,0
20200110.0,0.26920289855072466,0.0,0
20200113.0,0.28007246376811595,0.0,0
20200114.0,0.31630434782608696,0.0,0
20200115.0,0.26557971014492754,0.0,0
20200116.0,0.30543478260869567,0.0,0
20200117.0,0.35253623188405797,0.0,0
20200120.0,0.3815217391304348,1.0,0
20200121.0,0.3670289855072464,0.0,0
20200122.0,0.37427536231884057,0.0,0
20200123.0,0.3452898550724638,0.0,0
20200128.0,0.25833333333333336,0.0,0
20200129.0,0.26920289855072466,0.0,0
20200130.0,0.23659420289855074,0.0,0
20200131.0,0.22210144927536232,0.0,0
20200203.0,0.1858695652173913,0.0,0
20200204.0,0.24384057971014492,0.0,0
20200205.0,0.28731884057971013,0.0,0
20200206.0,0.3199275362318841,0.0,0
20200207.0,0.32355072463768114,0.0,0
20200210.0,0.2728260869565217,0.0,0
20200211.0,0.30543478260869567,0.0,0
20200212.0,0.30543478260869567,0.0,0
20200213.0,0.33804347826086956,0.0,0
20200214.0,0.34891304347826085,0.0,0
20200217.0,0.35253623188405797,0.0,0
20200218.0,0.31268115942028984,0.0,0
20200219.0,0.29456521739130437,0.0,0
20200220.0,0.32717391304347826,0.0,0
20200221.0,0.2728260869565217,0.0,0
20200224.0,0.21123188405797103,0.0,0
20200225.0,0.2076086956521739,0.0,0
20200226.0,0.1713768115942029,0.0,0
20200227.0,0.1677536231884058,0.0,0
20200228.0,0.11702898550724637,0.0,0
20200302.0,0.11702898550724637,0.0,0
20200303.0,0.1677536231884058,0.0,0
20200304.0,0.19311594202898552,0.0,0
20200305.0,0.2076086956521739,0.0,0
20200306.0,0.1786231884057971,0.0,0
20200309.0,0.09891304347826087,0.0,0
20200310.0,0.09528985507246376,0.0,0
20200311.0,0.07717391304347826,0.0,0
20200312.0,-0.013405797101449275,0.0,0
20200313.0,-0.02427536231884058,0.0,0
20200316.0,-0.04963768115942029,0.0,0
20200317.0,-0.09492753623188406,0.0,0
20200318.0,-0.14202898550724638,0.0,0
20200319.0,-0.2036231884057971,0.0,0
20200320.0,-0.24528985507246376,0.0,0
20200323.0,-0.3159420289855073,0.0,0
20200324.0,-0.1927536231884058,0.0,0
20200325.0,-0.0967391304347826,0.0,0
20200326.0,-0.10760869565217392,0.0,0
20200327.0,-0.0931159420289855,0.0,0
20200330.0,-0.14202898550724638,0.0,0
20200331.0,-0.13659420289855073,0.0,0
20200401.0,-0.15833333333333333,0.0,0
20200402.0,-0.1963768115942029,0.0,0
20200403.0,-0.16920289855072465,0.0,0
20200406.0,-0.1257246376811594,0.0,0
20200407.0,-0.075,0.0,0
20200408.0,-0.09130434782608696,0.0,0
20200409.0,-0.08949275362318841,0.0,0
20200410.0,-0.10942028985507246,0.0,0
20200413.0,-0.12210144927536232,0.0,0
20200414.0,-0.11123188405797102,0.0,0
20200416.0,-0.10579710144927536,0.0,0
20200417.0,-0.009782608695652175,0.0,0
20200420.0,-0.03152173913043478,0.0,0
20200421.0,-0.0931159420289855,0.0,0
20200422.0,-0.0822463768115942,0.0,0
20200423.0,-0.0713768115942029,0.0,0
20200424.0,-0.09130434782608696,0.0,0
20200427.0,-0.0822463768115942,0.0,0
20200428.0,-0.0786231884057971,0.0,0
20200429.0,-0.0641304347826087,0.0,0
20200504.0,-0.11485507246376811,0.0,0
20200506.0,-0.11123188405797102,0.0,0
20200507.0,-0.10760869565217392,0.0,0
20200508.0,-0.10579710144927536,0.0,0
20200511.0,-0.10942028985507246,0.0,0
20200512.0,-0.13659420289855073,0.0,0
20200513.0,-0.13478260869565217,0.0,0
20200514.0,-0.15108695652173912,0.0,0
20200515.0,-0.13840579710144926,0.0,0
20200518.0,-0.11485507246376811,0.0,0
20200519.0,-0.0641304347826087,0.0,0
20200520.0,-0.075,0.0,0
20200521.0,-0.0677536231884058,0.0,0
20200522.0,-0.08949275362318841,0.0,0
20200525.0,-0.12210144927536232,0.0,0
20200526.0,-0.10217391304347827,0.0,0
20200527.0,-0.0822463768115942,0.0,0
20200528.0,-0.03876811594202899,0.0,0
20200529.0,-0.05688405797101449,0.0,0
20200601.0,-0.03876811594202899,0.0,0
20200602.0,-0.02789855072463768,0.0,0
20200603.0,0.09891304347826087,0.0,0
20200604.0,0.1713768115942029,0.0,0
20200605.0,0.13152173913043477,0.0,0
20200608.0,0.1532608695652174,0.0,0
20200609.0,0.1532608695652174,0.0,0
20200610.0,0.13152173913043477,0.0,0
20200611.0,0.10253623188405797,0.0,0
20200612.0,0.01920289855072464,0.0,0
20200615.0,-0.009782608695652175,0.0,0
20200616.0,-0.006159420289855073,0.0,0
20200617.0,0.02282608695652174,0.0,0
20200618.0,0.0010869565217391304,0.0,0
20200619.0,0.02282608695652174,0.0,0
20200622.0,0.011956521739130435,0.0,0
20200623.0,0.01920289855072464,0.0,0
20200624.0,0.059057971014492755,0.0,0
20200625.0,0.02644927536231884,0.0,0
20200626.0,0.059057971014492755,0.0,0
20200629.0,0.03369565217391304,0.0,0
20200630.0,0.059057971014492755,0.0,0
20200701.0,0.04818840579710145,0.0,0
20200702.0,0.02282608695652174,0.0,0
20200703.0,0.04818840579710145,0.0,0
20200706.0,0.09891304347826087,0.0,0
20200707.0,0.13152173913043477,0.0,0
20200708.0,0.059057971014492755,0.0,0
20200709.0,0.04818840579710145,0.0,0
20200710.0,0.03369565217391304,0.0,0
20200713.0,0.05543478260869565,0.0,0
20200714.0,0.05543478260869565,0.0,0
20200715.0,0.09891304347826087,0.0,0
20200716.0,0.09166666666666666,0.0,0
20200717.0,0.08804347826086957,0.0,0
20200720.0,0.09166666666666666,0.0,0
20200721.0,0.11340579710144928,0.0,0
20200722.0,0.11702898550724637,0.0,0
20200723.0,0.08804347826086957,0.0,0
20200724.0,0.07717391304347826,0.0,0
20200727.0,0.12427536231884058,0.0,0
20200728.0,0.23659420289855074,0.0,0
20200729.0,0.29456521739130437,0.0,0
20200730.0,0.28369565217391307,0.0,0
20200731.0,0.26557971014492754,0.0,0
20200803.0,0.20398550724637682,0.0,0
20200804.0,0.21123188405797103,0.0,0
20200805.0,0.1894927536231884,0.0,0
20200806.0,0.22210144927536232,0.0,0
20200807.0,0.22210144927536232,0.0,0
20200810.0,0.2184782608695652,0.0,0
20200811.0,0.2619565217391304,0.0,0
20200812.0,0.24384057971014492,0.0,0
20200813.0,0.26557971014492754,0.0,0
20200814.0,0.22210144927536232,0.0,0
20200818.0,0.27644927536231884,0.0,0
20200819.0,0.2510869565217391,0.0,0
20200820.0,0.19311594202898552,0.0,0
20200821.0,0.1677536231884058,0.0,0
20200824.0,0.15688405797101448,0.0,0
20200825.0,0.1641304347826087,0.0,0
20200826.0,0.1532608695652174,0.0,0
20200827.0,0.1460144927536232,0.0,0
20200828.0,0.1460144927536232,0.0,0
20200831.0,0.13876811594202898,0.0,0
20200901.0,0.09166666666666666,0.0,0
20200902.0,0.10253623188405797,0.0,0
20200903.0,0.1605072463768116,0.0,0
20200904.0,0.12789855072463768,0.0,0
20200907.0,0.1822463768115942,0.0,0
20200908.0,0.23297101449275362,0.0,0
20200909.0,0.25471014492753624,0.0,0
20200910.0,0.28007246376811595,0.0,0
20200911.0,0.25833333333333336,0.0,0
20200914.0,0.3090579710144927,0.0,0
20200915.0,0.31630434782608696,0.0,0
20200916.0,0.32717391304347826,0.0,0
20200917.0,0.3090579710144927,0.0,0
20200918.0,0.27644927536231884,0.0,0
20200921.0,0.28007246376811595,0.0,0
20200922.0,0.26920289855072466,0.0,0
20200923.0,0.23659420289855074,0.0,0
20200924.0,0.22934782608695653,0.0,0
20200925.0,0.21485507246376812,0.0,0
20200928.0,0.23659420289855074,0.0,0
20200929.0,0.24384057971014492,0.0,0
20201005.0,0.2510869565217391,0.0,0
20201006.0,0.27644927536231884,0.0,0
20201007.0,0.27644927536231884,0.0,0
20201008.0,0.30543478260869567,0.0,0
20201012.0,0.29456521739130437,0.0,0
20201013.0,0.3307971014492754,0.0,0
20201014.0,0.3199275362318841,0.0,0
20201015.0,0.3090579710144927,0.0,0
20201016.0,0.29456521739130437,0.0,0
20201019.0,0.28731884057971013,0.0,0
20201020.0,0.31268115942028984,0.0,0
20201021.0,0.33442028985507244,0.0,0
20201022.0,0.29818840579710143,0.0,0
20201023.0,0.29456521739130437,0.0,0
20201026.0,0.3199275362318841,0.0,0
20201027.0,0.29094202898550725,0.0,0
20201028.0,0.25833333333333336,0.0,0
20201029.0,0.2257246376811594,0.0,0
20201030.0,0.2076086956521739,0.0,0
20201102.0,0.1894927536231884,0.0,0
20201103.0,0.24021739130434783,0.0,0
20201104.0,0.24384057971014492,0.0,0
20201105.0,0.29094202898550725,0.0,0
20201106.0,0.3090579710144927,0.0,0
20201109.0,0.31268115942028984,0.0,0
20201110.0,0.29818840579710143,0.0,0
20201111.0,0.3307971014492754,0.0,0
20201112.0,0.3307971014492754,0.0,0
20201113.0,0.3960144927536232,0.0,0
20201116.0,0.5228260869565218,0.0,0
20201117.0,0.533695652173913,0.0,0
20201118.0,0.5047101449275362,0.0,0
20201119.0,0.4539855072463768,0.0,0
20201120.0,0.46847826086956523,0.0,0
20201123.0,0.5626811594202898,0.0,0
20201124.0,0.6242753623188406,0.0,0
20201125.0,0.5807971014492753,0.0,0
20201126.0,0.5699275362318841,0.0,0
20201127.0,0.5844202898550724,0.0,0
20201130.0,0.5916666666666667,0.0,0
20201201.0,0.5807971014492753,0.0,0
20201202.0,0.638768115942029,0.0,0
20201203.0,0.6605072463768116,0.0,0
20201204.0,0.7184782608695652,0.0,0
20201207.0,0.7692028985507247,0.0,0
20201208.0,0.7474637681159421,0.0,0
20201209.0,0.783695652173913,0.0,0
20201210.0,0.7800724637681159,0.0,0
20201211.0,0.7800724637681159,0.0,0
20201214.0,0.8054347826086956,0.0,0
20201215.0,0.7909420289855073,0.0,0
20201216.0,0.8054347826086956,0.0,0
20201217.0,0.7764492753623189,0.0,0
20201218.0,0.7764492753623189,0.0,0
20201221.0,0.7655797101449275,0.0,0
20201222.0,0.7583333333333333,0.0,0
20201223.0,0.7873188405797101,0.0,0
20201224.0,0.961231884057971,0.0,0
20201228.0,1.0083333333333333,0.0,0
20201229.0,0.9648550724637681,0.0,0
20201230.0,1.0518115942028985,0.0,0
20210104.0,1.1641304347826087,0.0,0
20210105.0,1.146014492753623,0.0,0
20210106.0,1.1677536231884058,0.0,0
20210107.0,1.1568840579710145,0.0,0
20210108.0,1.3670289855072464,0.0,0
20210111.0,1.6134057971014493,1.0,0
20210112.0,1.4177536231884058,0.0,0
20210113.0,1.4105072463768116,0.0,0
20210114.0,1.3670289855072464,0.0,0
20210115.0,1.4322463768115943,0.0,0
20210118.0,1.2692028985507247,0.0,0
20210119.0,1.2945652173913043,0.0,0
20210120.0,1.3307971014492754,0.0,0
20210121.0,1.316304347826087,0.0,0
20210122.0,1.356159420289855,0.0,0
20210125.0,1.3634057971014493,0.0,0
20210126.0,1.3380434782608697,0.0,0
20210127.0,1.2836956521739131,0.0,0
20210128.0,1.2076086956521739,0.0,0
20210129.0,1.1858695652173914,0.0,0
20210201.0,1.1278985507246377,0.0,0
20210202.0,1.2365942028985508,0.0,0
20210203.0,1.2003623188405796,0.0,0
20210204.0,1.142391304347826,0.0,0
20210205.0,1.1496376811594202,0.0,0
20210208.0,1.1568840579710145,0.0,0
20210209.0,1.1786231884057972,0.0,0
20210210.0,1.0989130434782608,0.0,0
20210215.0,1.1677536231884058,0.0,0
20210216.0,1.2221014492753624,0.0,0
20210217.0,1.1568840579710145,0.0,0
20210218.0,1.135144927536232,0.0,0
20210219.0,1.106159420289855,0.0,0
20210222.0,1.1568840579710145,0.0,0
20210223.0,1.1097826086956522,0.0,0
20210224.0,1.135144927536232,0.0,0
20210225.0,1.2003623188405796,0.0,0
20210226.0,1.1278985507246377,0.0,0
20210302.0,1.1967391304347825,0.0,0
20210303.0,1.1496376811594202,0.0,0
20210304.0,1.1206521739130435,0.0,0
20210305.0,1.0989130434782608,0.0,0
20210308.0,1.1134057971014493,0.0,0
20210309.0,1.0735507246376812,0.0,0
20210310.0,1.0952898550724637,0.0,0
20210311.0,1.0952898550724637,0.0,0
20210312.0,1.1315217391304349,0.0,0
20210315.0,1.1097826086956522,0.0,0
20210316.0,1.1134057971014493,0.0,0
20210317.0,1.1097826086956522,0.0,0
20210318.0,1.142391304347826,0.0,0
20210319.0,1.0952898550724637,0.0,0
20210322.0,1.0880434782608697,0.0,0
20210323.0,1.1097826086956522,0.0,0
20210324.0,1.0626811594202898,0.0,0
20210325.0,1.0807971014492754,0.0,0
20210326.0,1.0626811594202898,0.0,0
20210329.0,1.066304347826087,0.0,0
20210330.0,1.0880434782608697,0.0,0
20210331.0,1.102536231884058,0.0,0
20210401.0,1.1134057971014493,0.0,0
20210402.0,1.1931159420289854,0.0,0
20210405.0,1.2221014492753624,0.0,0
20210406.0,1.2293478260869566,0.0,0
20210407.0,1.2293478260869566,0.0,0
20210408.0,1.211231884057971,0.0,0
20210409.0,1.1822463768115943,0.0,0
20210412.0,1.1532608695652173,0.0,0
20210413.0,1.1677536231884058,0.0,0
20210414.0,1.1605072463768116,0.0,0
20210415.0,1.1677536231884058,0.0,0
20210416.0,1.175,0.0,0
20210419.0,1.1496376811594202,0.0,0
20210420.0,1.1496376811594202,0.0,0
20210421.0,1.1315217391304349,0.0,0
20210422.0,1.1134057971014493,0.0,0
20210423.0,1.1097826086956522,0.0,0
20210426.0,1.1315217391304349,0.0,0
20210427.0,1.1242753623188406,0.0,0
20210428.0,1.1206521739130435,0.0,0
20210429.0,1.0952898550724637,0.0,0
20210430.0,1.0807971014492754,0.0,0
20210503.0,1.0916666666666666,0.0,0
20210504.0,1.0989130434782608,0.0,0
20210506.0,1.0880434782608697,0.0,0
20210507.0,1.0807971014492754,0.0,0
20210510.0,1.1315217391304349,0.0,0
20210511.0,1.0989130434782608,0.0,0
20210512.0,1.0481884057971014,0.0,0
20210513.0,0.9902173913043478,0.0,0
20210514.0,1.0155797101449275,0.0,0
20210517.0,1.0373188405797102,0.0,0
20210518.0,1.0047101449275362,0.0,0
20210520.0,0.993840579710145,0.0,0
20210521.0,1.0590579710144927,0.0,0
20210524.0,1.0192028985507247,0.0,0
20210525.0,1.0192028985507247,0.0,0
20210526.0,1.0228260869565218,0.0,0
20210527.0,1.0047101449275362,0.0,0
20210528.0,1.0192028985507247,0.0,0
20210531.0,1.026449275362319,0.0,0
20210601.0,1.0518115942028985,0.0,0
20210602.0,1.0554347826086956,0.0,0
20210603.0,1.1134057971014493,0.0,0
20210604.0,1.102536231884058,0.0,0
20210607.0,1.106159420289855,0.0,0
20210608.0,1.0989130434782608,0.0,0
20210609.0,1.0771739130434783,0.0,0
20210610.0,1.0554347826086956,0.0,0
20210611.0,1.066304347826087,0.0,0
20210614.0,1.0373188405797102,0.0,0
20210615.0,1.0481884057971014,0.0,0
20210616.0,1.0735507246376812,0.0,0
20210617.0,1.0518115942028985,0.0,0
20210618.0,1.0445652173913043,0.0,0
20210621.0,1.0047101449275362,0.0,0
20210622.0,1.0155797101449275,0.0,0
20210623.0,1.026449275362319,0.0,0
20210624.0,1.0554347826086956,0.0,0
20210625.0,1.0735507246376812,0.0,0
20210628.0,1.0771739130434783,0.0,0
20210629.0,1.0807971014492754,0.0,0
20210630.0,1.0554347826086956,0.0,0
20210701.0,1.026449275362319,0.0,0
20210702.0,1.0192028985507247,0.0,0
20210705.0,1.0336956521739131,0.0,0
20210706.0,1.0481884057971014,0.0,0
20210707.0,1.0518115942028985,0.0,0
20210708.0,1.0481884057971014,0.0,0
20210709.0,0.9974637681159421,0.0,0
20210712.0,1.0047101449275362,0.0,0
20210713.0,1.0119565217391304,0.0,0
20210714.0,0.9902173913043478,0.0,0
20210715.0,1.026449275362319,0.0,0
20210716.0,1.0083333333333333,0.0,0
20210719.0,0.9757246376811595,0.0,0
20210720.0,0.9684782608695652,0.0,0
20210721.0,0.9721014492753624,0.0,0
20210722.0,0.9974637681159421,0.0,0
20210723.0,1.001086956521739,0.0,0
20210726.0,0.9865942028985507,0.0,0
20210727.0,0.9829710144927536,0.0,0
20210728.0,0.9757246376811595,0.0,0
20210729.0,0.9829710144927536,0.0,0
20210730.0,0.9648550724637681,0.0,0
20210802.0,0.9865942028985507,0.0,0
20210803.0,1.0554347826086956,0.0,0
20210804.0,1.1170289855072464,0.0,0
20210805.0,1.1242753623188406,0.0,0
20210806.0,1.0952898550724637,0.0,0
20210809.0,1.0880434782608697,0.0,0
20210810.0,1.0916666666666666,0.0,0
20210811.0,0.9974637681159421,0.0,0
20210812.0,0.9394927536231884,0.0,0
20210813.0,0.8597826086956522,0.0,0
20210817.0,0.8271739130434783,0.0,0
20210818.0,0.8090579710144927,0.0,0
20210819.0,0.8018115942028986,0.0,0
20210820.0,0.783695652173913,0.0,0
20210823.0,0.7873188405797101,0.0,0
20210824.0,0.8489130434782609,0.0,0
20210825.0,0.8815217391304347,0.0,0
20210826.0,0.8670289855072464,0.0,0
20210827.0,0.8235507246376812,0.0,0
20210830.0,0.8416666666666667,0.0,0
20210831.0,0.8851449275362319,0.0,0
20210901.0,0.8996376811594203,0.0,0
20210902.0,0.888768115942029,0.0,0
20210903.0,0.8851449275362319,0.0,0
20210906.0,0.9177536231884058,0.0,0
20210907.0,0.8996376811594203,0.0,0
20210908.0,0.8742753623188406,0.0,0
20210909.0,0.8815217391304347,0.0,0
20210910.0,0.8452898550724638,0.0,0
20210913.0,0.8706521739130435,0.0,0
20210914.0,0.9213768115942029,0.0,0
20210915.0,0.9105072463768116,0.0,0
20210916.0,0.9105072463768116,0.0,0
20210917.0,0.9032608695652173,0.0,0
20210923.0,0.9177536231884058,0.0,0
20210924.0,0.9213768115942029,0.0,0
20210927.0,0.9213768115942029,0.0,0
20210928.0,0.925,0.0,0
20210929.0,0.8344202898550724,0.0,0
20210930.0,0.816304347826087,0.0,0
20211001.0,0.7873188405797101,0.0,0
20211005.0,0.7510869565217392,0.0,0
20211006.0,0.743840579710145,0.0,0
20211007.0,0.7184782608695652,0.0,0
20211008.0,0.7293478260869565,0.0,0
20211012.0,0.675,0.0,0
20211013.0,0.6278985507246376,0.0,0
20211014.0,0.6351449275362319,0.0,0
20211015.0,0.678623188405797,0.0,0
20211018.0,0.6532608695652173,0.0,0
20211019.0,0.678623188405797,0.0,0
20211020.0,0.678623188405797,0.0,0
20211021.0,0.6641304347826087,0.0,0
20211022.0,0.6677536231884058,0.0,0
20211025.0,0.6641304347826087,0.0,0
20211026.0,0.6967391304347826,0.0,0
20211027.0,0.678623188405797,0.0,0
20211028.0,0.7221014492753624,0.0,0
20211029.0,0.7003623188405798,0.0,0
20211101.0,0.6641304347826087,0.0,0
20211102.0,0.7221014492753624,0.0,0
20211103.0,0.7039855072463768,0.0,0
20211104.0,0.7003623188405798,0.0,0
20211105.0,0.7003623188405798,0.0,0
20211108.0,0.6641304347826087,0.0,0
20211109.0,0.678623188405797,0.0,0
20211110.0,0.675,0.0,0
20211111.0,0.6423913043478261,0.0,0
20211112.0,0.675,0.0,0
20211115.0,0.711231884057971,0.0,0
20211116.0,0.7148550724637681,0.0,0
20211117.0,0.7003623188405798,0.0,0
20211118.0,0.678623188405797,0.0,0
20211119.0,0.6931159420289855,0.0,0
20211122.0,0.8307971014492753,0.0,0
20211123.0,0.8597826086956522,0.0,0
20211124.0,0.8670289855072464,0.0,0
20211125.0,0.8271739130434783,0.0,0
20211126.0,0.7909420289855073,0.0,0
20211129.0,0.7510869565217392,0.0,0
20211130.0,0.783695652173913,0.0,0
20211201.0,0.816304347826087,0.0,0
20211202.0,0.8525362318840579,0.0,0
20211203.0,0.8597826086956522,0.0,0
20211206.0,0.8851449275362319,0.0,0
20211207.0,0.9213768115942029,0.0,0
20211208.0,0.9539855072463768,0.0,0
20211209.0,0.9394927536231884,0.0,0
20211210.0,0.9177536231884058,0.0,0
20211213.0,0.9431159420289855,0.0,0
20211214.0,0.9032608695652173,0.0,0
20211215.0,0.9177536231884058,0.0,0
20211216.0,0.9503623188405798,0.0,0
20211217.0,0.9322463768115942,0.0,0
20211220.0,0.925,0.0,0
20211221.0,0.9431159420289855,0.0,0
20211222.0,0.9829710144927536,0.0,0
20211223.0,1.0047101449275362,0.0,0
20211224.0,1.0336956521739131,1.0,0
20211227.0,1.026449275362319,0.0,0
20211228.0,1.0192028985507247,0.0,0
20211229.0,1.0119565217391304,0.0,0
20211230.0,0.9865942028985507,0.0,0
20220103.0,0.9974637681159421,0.0,0
20220104.0,0.9757246376811595,0.0,0
20220105.0,0.9684782608695652,0.0,0
20220106.0,0.9177536231884058,0.0,0
20220107.0,0.9467391304347826,0.0,0
20220110.0,0.9358695652173913,0.0,0
20220111.0,0.9684782608695652,0.0,0
20220112.0,0.9902173913043478,0.0,0
20220113.0,0.9793478260869565,0.0,0
20220114.0,0.9358695652173913,0.0,0
20220117.0,0.925,0.0,0
20220118.0,0.925,0.0,0
20220119.0,0.8923913043478261,0.0,0
20220120.0,0.8851449275362319,0.0,0
20220121.0,0.8525362318840579,0.0,0
20220124.0,0.8525362318840579,0.0,0
20220125.0,0.8235507246376812,0.0,0
20220126.0,0.8018115942028986,0.0,0
20220127.0,0.7873188405797101,0.0,0
20220128.0,0.7764492753623189,0.0,0
20220203.0,0.8199275362318841,0.0,0
20220204.0,0.8090579710144927,0.0,0
20220207.0,0.7728260869565218,0.0,0
20220208.0,0.7945652173913044,0.0,0
20220209.0,0.8126811594202898,0.0,0
20220210.0,0.8525362318840579,0.0,0
20220211.0,0.8416666666666667,0.0,0
20220214.0,0.8054347826086956,0.0,0
20220215.0,0.7945652173913044,0.0,0
20220216.0,0.8199275362318841,0.0,0
20220217.0,0.8452898550724638,0.0,0
20220218.0,0.816304347826087,0.0,0
20220221.0,0.7981884057971015,0.0,0
20220222.0,0.7655797101449275,0.0,0
20220223.0,0.7800724637681159,0.0,0
20220224.0,0.7257246376811595,0.0,0
20220225.0,0.7365942028985507,0.0,0
20220228.0,0.7184782608695652,0.0,0
20220302.0,0.7293478260869565,0.0,0
20220303.0,0.7547101449275362,0.0,0
20220304.0,0.7402173913043478,0.0,0
20220307.0,0.6641304347826087,0.0,0
20220308.0,0.6423913043478261,0.0,0
20220310.0,0.6858695652173913,0.0,0
20220311.0,0.6677536231884058,0.0,0
20220314.0,0.6496376811594203,0.0,0
20220315.0,0.6460144927536232,0.0,0
20220316.0,0.6605072463768116,0.0,0
20220317.0,0.7076086956521739,0.0,0
20220318.0,0.675,0.0,0
20220321.0,0.678623188405797,0.0,0
20220322.0,0.6605072463768116,0.0,0
20220323.0,0.6858695652173913,0.0,0
20220324.0,0.6532608695652173,0.0,0
20220325.0,0.6496376811594203,0.0,0
20220328.0,0.638768115942029,0.0,0
20220329.0,0.6532608695652173,0.0,0
20220330.0,0.6605072463768116,0.0,0
20220331.0,0.6496376811594203,0.0,0
20220401.0,0.6242753623188406,0.0,0
20220404.0,0.6170289855072464,0.0,0
20220405.0,0.6278985507246376,0.0,0
20220406.0,0.5989130434782609,0.0,0
20220407.0,0.5880434782608696,0.0,0
20220408.0,0.5807971014492753,0.0,0
20220411.0,0.5735507246376812,0.0,0
20220412.0,0.5590579710144927,0.0,0
20220413.0,0.606159420289855,0.0,0
20220414.0,0.5952898550724638,0.0,0
20220415.0,0.5445652173913044,0.0,0
20220418.0,0.5373188405797101,0.0,0
20220419.0,0.5699275362318841,0.0,0
20220420.0,0.5481884057971015,0.0,0
20220421.0,0.5807971014492753,0.0,0
20220422.0,0.5445652173913044,0.0,0
20220425.0,0.5228260869565218,0.0,0
20220426.0,0.5228260869565218,0.0,0
20220427.0,0.47934782608695653,0.0,0
20220428.0,0.47934782608695653,0.0,0
20220429.0,0.5554347826086956,0.0,0
20220502.0,0.5554347826086956,0.0,0
20220503.0,0.5844202898550724,0.0,0
20220504.0,0.5844202898550724,0.0,0
20220506.0,0.5373188405797101,0.0,0
20220509.0,0.5300724637681159,0.0,0
20220510.0,0.5083333333333333,0.0,0
20220511.0,0.5083333333333333,0.0,0
20220512.0,0.47934782608695653,0.0,0
20220513.0,0.5228260869565218,0.0,0
20220516.0,0.5481884057971015,0.0,0
20220517.0,0.566304347826087,0.0,0
20220518.0,0.5952898550724638,0.0,0
20220519.0,0.5554347826086956,0.0,0
20220520.0,0.5844202898550724,0.0,0
20220523.0,0.5989130434782609,0.0,0
20220524.0,0.5590579710144927,0.0,0
20220525.0,0.5373188405797101,0.0,0
20220526.0,0.5409420289855073,0.0,0
20220527.0,0.5300724637681159,0.0,0
20220530.0,0.5626811594202898,0.0,0
20220531.0,0.5518115942028986,0.0,0
20220602.0,0.533695652173913,0.0,0
20220603.0,0.5445652173913044,0.0,0
20220607.0,0.5119565217391304,0.0,0
20220608.0,0.4865942028985507,0.0,0
20220609.0,0.46847826086956523,0.0,0
20220610.0,0.4394927536231884,0.0,0
20220613.0,0.3815217391304348,0.0,0
20220614.0,0.35978260869565215,0.0,0
20220615.0,0.33442028985507244,0.0,0
20220616.0,0.3452898550724638,0.0,0
20220617.0,0.27644927536231884,0.0,0
20220620.0,0.27644927536231884,0.0,0
20220621.0,0.2510869565217391,0.0,0
20220622.0,0.24746376811594203,0.0,0
20220623.0,0.2076086956521739,0.0,0
20220624.0,0.24746376811594203,0.0,0
20220627.0,0.27644927536231884,0.0,0
20220628.0,0.2619565217391304,0.0,0
20220629.0,0.23659420289855074,0.0,0
20220630.0,0.19311594202898552,0.0,0
20220701.0,0.1894927536231884,0.0,0
20220704.0,0.1858695652173913,0.0,0
20220705.0,0.21485507246376812,0.0,0
20220706.0,0.1822463768115942,0.0,0
20220707.0,0.23297101449275362,0.0,0
20220708.0,0.25471014492753624,0.0,0
20220711.0,0.26557971014492754,0.0,0
20220712.0,0.23297101449275362,0.0,0
20220713.0,0.22934782608695653,0.0,0
20220714.0,0.21485507246376812,0.0,0
20220715.0,0.28007246376811595,0.0,0
20220718.0,0.35253623188405797,0.0,0
20220719.0,0.33442028985507244,0.0,0
20220720.0,0.3561594202898551,0.0,0
20220721.0,0.34891304347826085,0.0,0
20220722.0,0.35978260869565215,0.0,0
20220725.0,0.34891304347826085,0.0,0
20220726.0,0.34891304347826085,0.0,0
20220727.0,0.34891304347826085,0.0,0
20220728.0,0.37427536231884057,0.0,0
20220729.0,0.37427536231884057,0.0,0
20220801.0,0.3416666666666667,0.0,0
20220802.0,0.34891304347826085,0.0,0
20220803.0,0.33804347826086956,0.0,0
20220804.0,0.3452898550724638,0.0,0
20220805.0,0.34891304347826085,0.0,0
20220808.0,0.3307971014492754,0.0,0
20220809.0,0.30543478260869567,0.0,0
20220810.0,0.2510869565217391,0.0,0
20220811.0,0.28007246376811595,0.0,0
20220812.0,0.30543478260869567,0.0,0
20220816.0,0.33804347826086956,0.0,0
20220817.0,0.32355072463768114,0.0,0
20220818.0,0.34891304347826085,0.0,0
20220819.0,0.33804347826086956,0.0,0
20220822.0,0.29456521739130437,0.0,0
20220823.0,0.26557971014492754,0.0,0
20220824.0,0.2619565217391304,0.0,0
20220825.0,0.26920289855072466,0.0,0
20220826.0,0.31268115942028984,0.0,0
20220829.0,0.24021739130434783,0.0,0
20220830.0,0.24384057971014492,0.0,0
20220831.0,0.27644927536231884,0.0,0
20220901.0,0.24021739130434783,0.0,0
20220902.0,0.22934782608695653,0.0,0
20220905.0,0.2003623188405797,0.0,0
20220906.0,0.19311594202898552,0.0,0
20220907.0,0.1605072463768116,0.0,0
20220908.0,0.14963768115942028,0.0,0
20220913.0,0.2257246376811594,0.0,0
20220914.0,0.1786231884057971,0.0,0
20220915.0,0.175,0.0,0
20220916.0,0.14963768115942028,0.0,0
20220919.0,0.1713768115942029,0.0,0
20220920.0,0.1713768115942029,0.0,0
20220921.0,0.11702898550724637,0.0,0
20220922.0,0.08804347826086957,0.0,0
20220923.0,0.09528985507246376,0.0,0
20220926.0,0.06992753623188405,0.0,0
20220927.0,0.06992753623188405,0.0,0
20220928.0,0.07717391304347826,0.0,0
20220929.0,0.05181159420289855,0.0,0
20220930.0,0.04818840579710145,0.0,0
20221004.0,0.11340579710144928,0.0,0
20221005.0,0.1786231884057971,0.0,0
20221006.0,0.1822463768115942,0.0,0
20221007.0,0.1677536231884058,0.0,0
20221011.0,0.12427536231884058,0.0,0
20221012.0,0.1713768115942029,0.0,0
20221013.0,0.13876811594202898,0.0,0
20221014.0,0.1532608695652174,0.0,0
20221017.0,0.1713768115942029,0.0,0
20221018.0,0.175,0.0,0
20221019.0,0.1677536231884058,0.0,0
20221020.0,0.1351449275362319,0.0,0
20221021.0,0.1460144927536232,0.0,0
20221024.0,0.1894927536231884,0.0,0
20221025.0,0.22934782608695653,0.0,0
20221026.0,0.26557971014492754,0.0,0
20221027.0,0.28369565217391307,0.0,0
20221028.0,0.2510869565217391,0.0,0
20221031.0,0.27644927536231884,0.0,0
20221101.0,0.29094202898550725,0.0,0
20221102.0,0.28007246376811595,0.0,0
20221103.0,0.2728260869565217,0.0,0
20221104.0,0.2619565217391304,0.0,0
20221107.0,0.29094202898550725,0.0,0
20221108.0,0.34891304347826085,0.0,0
20221109.0,0.35978260869565215,0.0,0
20221110.0,0.33442028985507244,0.0,0
20221111.0,0.3960144927536232,0.0,0
20221114.0,0.38514492753623186,0.0,0
20221115.0,0.3706521739130435,0.0,0
20221116.0,0.3778985507246377,0.0,0
20221117.0,0.35253623188405797,0.0,0
20221118.0,0.3670289855072464,0.0,0
20221121.0,0.3452898550724638,0.0,0
20221122.0,0.32355072463768114,0.0,0
20221123.0,0.32717391304347826,0.0,0
20221124.0,0.3416666666666667,0.0,0
20221125.0,0.3416666666666667,0.0,0
20221128.0,0.29818840579710143,0.0,0
20221129.0,0.30181159420289855,0.0,0
20221130.0,0.35978260869565215,0.0,0
20221201.0,0.3960144927536232,0.0,0
20221202.0,0.3706521739130435,0.0,0
20221205.0,0.3199275362318841,0.0,0
20221206.0,0.28369565217391307,0.0,0
20221207.0,0.26557971014492754,0.0,0
20221208.0,0.2510869565217391,0.0,0
20221209.0,0.30181159420289855,0.0,0
20221212.0,0.28007246376811595,0.0,0
20221213.0,0.29094202898550725,0.0,0
20221214.0,0.30181159420289855,0.0,0
20221215.0,0.28731884057971013,0.0,0
20221216.0,0.2619565217391304,0.0,0
20221219.0,0.27644927536231884,0.0,0
20221220.0,0.24746376811594203,0.0,0
20221221.0,0.24746376811594203,0.0,0
20221222.0,0.24746376811594203,0.0,0
20221223.0,0.22210144927536232,0.0,0
20221226.0,0.21123188405797103,0.0,0
20221227.0,0.22210144927536232,0.0,0
20221228.0,0.19311594202898552,0.0,0
20221229.0,0.1423913043478261,0.0,0
20230102.0,0.13876811594202898,0.0,0
20230103.0,0.1351449275362319,0.0,0
20230104.0,0.2076086956521739,0.0,0
20230105.0,0.23659420289855074,0.0,0
20230106.0,0.25833333333333336,0.0,0
20230109.0,0.30543478260869567,0.0,0
20230110.0,0.3199275362318841,0.0,0
20230111.0,0.32355072463768114,0.0,0
20230112.0,0.32355072463768114,0.0,0
20230113.0,0.32355072463768114,0.0,0
20230116.0,0.33804347826086956,0.0,0
20230117.0,0.33442028985507244,0.0,0
20230118.0,0.31630434782608696,0.0,0
20230119.0,0.33442028985507244,0.0,0
20230120.0,0.36340579710144927,0.0,0
20230125.0,0.4141304347826087,0.0,0
20230126.0,0.42137681159420287,0.0,0
20230127.0,0.461231884057971,0.0,0
20230130.0,0.45760869565217394,0.0,0
20230131.0,0.4141304347826087,0.0,0
20230201.0,0.3778985507246377,0.0,0
20230202.0,0.42137681159420287,0.0,0
20230203.0,0.425,0.0,0
20230206.0,0.388768115942029,0.0,0
20230207.0,0.3706521739130435,0.0,0
20230208.0,0.3996376811594203,0.0,0
20230209.0,0.3996376811594203,0.0,0
20230210.0,0.388768115942029,0.0,0
20230213.0,0.388768115942029,0.0,0
20230214.0,0.42137681159420287,0.0,0
20230215.0,0.42137681159420287,0.0,0
20230216.0,0.4141304347826087,0.0,0
20230217.0,0.3996376811594203,0.0,0
20230220.0,0.388768115942029,0.0,0
20230221.0,0.3815217391304348,0.0,0
20230222.0,0.3452898550724638,0.0,0
20230223.0,0.3706521739130435,0.0,0
20230224.0,0.37427536231884057,0.0,0
20230227.0,0.3090579710144927,0.0,0
20230228.0,0.3307971014492754,0.0,0
20230302.0,0.3452898550724638,0.0,0
20230303.0,0.32355072463768114,0.0,0
20230306.0,0.33804347826086956,0.0,0
20230307.0,0.3307971014492754,0.0,0
20230308.0,0.29818840579710143,0.0,0
20230309.0,0.3090579710144927,0.0,0
20230310.0,0.26920289855072466,0.0,0
20230313.0,0.28731884057971013,0.0,0
20230314.0,0.2619565217391304,0.0,0
20230315.0,0.29094202898550725,0.0,0
20230316.0,0.28731884057971013,0.0,0
20230317.0,0.32717391304347826,0.0,0
20230320.0,0.32355072463768114,0.0,0
20230321.0,0.30543478260869567,0.0,0
20230322.0,0.32355072463768114,0.0,0
20230323.0,0.36340579710144927,0.0,0
20230324.0,0.3996376811594203,0.0,0
20230327.0,0.3815217391304348,0.0,0
20230328.0,0.38514492753623186,0.0,0
20230329.0,0.3778985507246377,0.0,0
20230330.0,0.4141304347826087,0.0,0
20230331.0,0.425,0.0,0
20230403.0,0.425,0.0,0
20230404.0,0.4177536231884058,0.0,0
20230405.0,0.425,0.0,0
20230406.0,0.4105072463768116,0.0,0
20230407.0,0.46847826086956523,0.0,0
20230410.0,0.5083333333333333,0.0,0
20230411.0,0.5047101449275362,0.0,0
20230412.0,0.5047101449275362,0.0,0
20230413.0,0.5010869565217392,0.0,0
20230414.0,0.5192028985507247,0.0,0
20230417.0,0.48297101449275365,0.0,0
20230418.0,0.497463768115942,0.0,0
20230419.0,0.4902173913043478,0.0,0
20230420.0,0.4721014492753623,0.0,0
20230421.0,0.49384057971014494,0.0,0
20230424.0,0.4865942028985507,0.0,0
20230425.0,0.4757246376811594,0.0,0
20230426.0,0.4358695652173913,0.0,0
20230427.0,0.461231884057971,0.0,0
20230428.0,0.49384057971014494,0.0,0
20230502.0,0.5083333333333333,0.0,0
20230503.0,0.48297101449275365,0.0,0
20230504.0,0.4865942028985507,0.0,0
20230508.0,0.5083333333333333,0.0,0
20230509.0,0.4902173913043478,0.0,0
20230510.0,0.47934782608695653,0.0,0
20230511.0,0.4648550724637681,0.0,0
20230512.0,0.4467391304347826,0.0,0
20230515.0,0.4467391304347826,0.0,0
20230516.0,0.49384057971014494,0.0,0
20230517.0,0.49384057971014494,0.0,0
20230518.0,0.5047101449275362,0.0,0
20230519.0,0.5844202898550724,0.0,0
20230522.0,0.606159420289855,0.0,0
20230523.0,0.5952898550724638,0.0,0
20230524.0,0.5952898550724638,0.0,0
20230525.0,0.6423913043478261,0.0,0
20230526.0,0.6568840579710145,0.0,0
20230530.0,0.7257246376811595,0.0,0
20230531.0,0.7329710144927536,0.0,0
20230601.0,0.7003623188405798,0.0,0
20230602.0,0.7221014492753624,0.0,0
20230605.0,0.7402173913043478,0.0,0
20230607.0,0.7003623188405798,0.0,0
20230608.0,0.675,0.0,0
20230609.0,0.7257246376811595,0.0,0
20230612.0,0.7293478260869565,0.0,0
20230613.0,0.7221014492753624,0.0,0
20230614.0,0.7221014492753624,0.0,0
20230615.0,0.7257246376811595,0.0,0
20230616.0,0.711231884057971,0.0,0
20230619.0,0.7039855072463768,0.0,0
20230620.0,0.6931159420289855,0.0,0
20230621.0,0.6858695652173913,0.0,0
20230622.0,0.6967391304347826,0.0,0
20230623.0,0.7221014492753624,0.0,0
20230626.0,0.7329710144927536,0.0,0
20230627.0,0.7365942028985507,0.0,0
20230628.0,0.7402173913043478,0.0,0
20230629.0,0.7655797101449275,0.0,0
20230630.0,0.7402173913043478,0.0,0
20230703.0,0.7583333333333333,0.0,0
20230704.0,0.7728260869565218,1.0,0
20230705.0,0.7619565217391304,0.0,0
20230706.0,0.7293478260869565,0.0,0
20230707.0,0.6931159420289855,0.0,0
20230710.0,0.6568840579710145,0.0,0
20230711.0,0.6967391304347826,0.0,0
20230712.0,0.7148550724637681,0.0,0
20230713.0,0.7365942028985507,0.0,0
20230714.0,0.7655797101449275,0.0,0
20230717.0,0.7692028985507247,0.0,0
20230718.0,0.7692028985507247,0.0,0
20230719.0,0.743840579710145,0.0,0
20230720.0,0.6967391304347826,0.0,0
20230721.0,0.6568840579710145,0.0,0
20230724.0,0.675,0.0,0
20230725.0,0.6605072463768116,0.0,0
20230726.0,0.6641304347826087,0.0,0
20230727.0,0.7039855072463768,0.0,0
20230728.0,0.7293478260869565,0.0,0
20230731.0,0.678623188405797,0.0,0
20230801.0,0.6858695652173913,0.0,0
20230802.0,0.678623188405797,0.0,0
20230803.0,0.6496376811594203,0.0,0
20230804.0,0.6097826086956522,0.0,0
20230807.0,0.6134057971014493,0.0,0
20230808.0,0.6097826086956522,0.0,0
20230809.0,0.6278985507246376,0.0,0
20230810.0,0.5880434782608696,0.0,0
20230811.0,0.5989130434782609,0.0,0
20230814.0,0.566304347826087,0.0,0
20230816.0,0.5373188405797101,0.0,0
20230817.0,0.5264492753623189,0.0,0
20230818.0,0.5228260869565218,0.0,0
20230821.0,0.5373188405797101,0.0,0
20230822.0,0.5590579710144927,0.0,0
20230823.0,0.5373188405797101,0.0,0
20230824.0,0.5952898550724638,0.0,0
20230825.0,0.5481884057971015,0.0,0
20230828.0,0.533695652173913,0.0,0
20230829.0,0.5409420289855073,0.0,0
20230830.0,0.5590579710144927,0.0,0
20230831.0,0.5409420289855073,0.0,0
20230901.0,0.678623188405797,0.0,0
20230904.0,0.7474637681159421,0.0,0
20230905.0,0.6967391304347826,0.0,0
20230906.0,0.6713768115942029,0.0,0
20230907.0,0.6641304347826087,0.0,0
20230908.0,0.6532608695652173,0.0,0
20230911.0,0.6713768115942029,0.0,0
20230912.0,0.678623188405797,0.0,0
20230913.0,0.7003623188405798,0.0,0
20230914.0,0.7076086956521739,0.0,0
20230915.0,0.7257246376811595,0.0,0
20230918.0,0.7039855072463768,0.0,0
20230919.0,0.6713768115942029,0.0,0
20230920.0,0.6532608695652173,0.0,0
20230921.0,0.6351449275362319,0.0,0
20230922.0,0.6025362318840579,0.0,0
20230925.0,0.6315217391304347,0.0,0
20230926.0,0.6423913043478261,0.0,0
20230927.0,0.6097826086956522,0.0,0
20231004.0,0.5590579710144927,0.0,0
20231005.0,0.5481884057971015,0.0,0
20231006.0,0.5445652173913044,0.0,0
20231010.0,0.5554347826086956,0.0,0
20231011.0,0.6206521739130435,0.0,0
20231012.0,0.6315217391304347,0.0,0
20231013.0,0.5880434782608696,0.0,0
20231016.0,0.5880434782608696,0.0,0
20231017.0,0.638768115942029,0.0,0
20231018.0,0.6605072463768116,0.0,0
20231019.0,0.6423913043478261,0.0,0
20231020.0,0.6134057971014493,0.0,0
20231023.0,0.6097826086956522,0.0,0
20231024.0,0.5989130434782609,0.0,0
20231025.0,0.5989130434782609,0.0,0
20231026.0,0.566304347826087,0.0,0
20231027.0,0.5445652173913044,0.0,0
20231030.0,0.5626811594202898,0.0,0
20231031.0,0.5807971014492753,0.0,0
20231101.0,0.6025362318840579,0.0,0
20231102.0,0.6423913043478261,0.0,0
20231103.0,0.6496376811594203,0.0,0
20231106.0,0.675,0.0,0
20231107.0,0.675,0.0,0
20231108.0,0.6931159420289855,0.0,0
20231109.0,0.6713768115942029,0.0,0
20231110.0,0.6605072463768116,0.0,0
20231113.0,0.6894927536231884,0.0,0
20231114.0,0.6822463768115942,0.0,0
20231115.0,0.7221014492753624,0.0,0
20231116.0,0.7510869565217392,0.0,0
20231117.0,0.7510869565217392,0.0,0
20231120.0,0.7510869565217392,0.0,0
20231121.0,0.7655797101449275,0.0,0
20231122.0,0.7510869565217392,0.0,0
20231123.0,0.7583333333333333,0.0,0
20231124.0,0.7365942028985507,0.0,0
20231127.0,0.7184782608695652,0.0,0
20231128.0,0.7402173913043478,0.0,0
20231129.0,0.743840579710145,0.0,0
20231130.0,0.743840579710145,0.0,0
20231201.0,0.7329710144927536,0.0,0
20231204.0,0.7474637681159421,0.0,0
20231205.0,0.7293478260869565,0.0,0
20231206.0,0.7184782608695652,0.0,0
20231207.0,0.711231884057971,0.0,0
20231208.0,0.743840579710145,0.0,0
20231211.0,0.7510869565217392,0.0,0
20231212.0,0.7692028985507247,0.0,0
20231213.0,0.7692028985507247,0.0,0
20231214.0,0.7981884057971015,0.0,0
20231215.0,0.7873188405797101,0.0,0
20231218.0,0.7655797101449275,0.0,0
20231219.0,0.7655797101449275,0.0,0
20231220.0,0.8199275362318841,0.0,0
20231221.0,0.8235507246376812,0.0,0
20231222.0,0.8706521739130435,0.0,0
20231226.0,0.8851449275362319,0.0,0
20231227.0,0.9322463768115942,0.0,0
20231228.0,0.9503623188405798,0.0,0
20240102.0,0.9974637681159421,1.0,0
20240103.0,0.961231884057971,0.0,0
20240104.0,0.9068840579710145,0.0,0
20240105.0,0.8996376811594203,0.0,0
20240108.0,0.9141304347826087,0.0,0
20240109.0,0.9213768115942029,0.0,0
20240110.0,0.8307971014492753,0.0,0
20240111.0,0.7728260869565218,0.0,0
20240112.0,0.7909420289855073,0.0,0
20240115.0,0.7873188405797101,0.0,0
20240116.0,0.7764492753623189,0.0,0
20240117.0,0.7619565217391304,0.0,0
20240118.0,0.7148550724637681,0.0,0
20240119.0,0.8126811594202898,0.0,0
20240122.0,0.8597826086956522,0.0,0
20240123.0,0.8525362318840579,0.0,0
20240124.0,0.8307971014492753,0.0,0
20240125.0,0.816304347826087,0.0,0
20240126.0,0.8054347826086956,0.0,0
20240129.0,0.8307971014492753,0.0,0
20240130.0,0.8344202898550724,0.0,0
20240131.0,0.7873188405797101,0.0,0
20240201.0,0.7945652173913044,0.0,0
20240202.0,0.8307971014492753,0.0,0
20240205.0,0.816304347826087,0.0,0
20240206.0,0.8126811594202898,0.0,0
20240207.0,0.8416666666666667,0.0,0
20240208.0,0.8307971014492753,0.0,0
20240213.0,0.8307971014492753,0.0,0
20240214.0,0.7981884057971015,0.0,0
20240215.0,0.8018115942028986,0.0,0
20240216.0,0.7655797101449275,0.0,0
20240219.0,0.783695652173913,0.0,0
20240220.0,0.7764492753623189,0.0,0
20240221.0,0.7764492753623189,0.0,0
20240222.0,0.783695652173913,0.0,0
20240223.0,0.7945652173913044,0.0,0
20240226.0,0.7583333333333333,0.0,0
20240227.0,0.7655797101449275,0.0,0
20240228.0,0.783695652173913,0.0,0
20240229.0,0.7655797101449275,0.0,0
20240304.0,0.8235507246376812,0.0,0
20240305.0,0.816304347826087,0.0,0
20240306.0,0.7692028985507247,0.0,0
20240307.0,0.7619565217391304,0.0,0
20240308.0,0.7655797101449275,0.0,0
20240311.0,0.7547101449275362,0.0,0
20240312.0,0.7692028985507247,0.0,0
20240313.0,0.7909420289855073,0.0,0
20240314.0,0.8054347826086956,0.0,0
20240315.0,0.7764492753623189,0.0,0
20240318.0,0.7510869565217392,0.0,0
20240319.0,0.7510869565217392,0.0,0
20240320.0,0.9032608695652173,0.0,0
20240321.0,0.9793478260869565,0.0,0
20240322.0,1.001086956521739,0.0,0
20240325.0,0.9974637681159421,0.0,0
20240326.0,1.0083333333333333,0.0,0
20240327.0,1.0047101449275362,0.0,0
20240328.0,1.0409420289855071,0.0,0
20240329.0,1.0952898550724637,0.0,0
20240401.0,1.1242753623188406,0.0,0
20240402.0,1.1858695652173914,0.0,0
20240403.0,1.1858695652173914,0.0,0
20240404.0,1.2039855072463768,0.0,0
20240405.0,1.1858695652173914,0.0,0
20240408.0,1.2221014492753624,1.0,0
20240409.0,1.1822463768115943,0.0,0
20240411.0,1.175,0.0,0
20240412.0,1.1822463768115943,0.0,0
20240415.0,1.1206521739130435,0.0,0
20240416.0,1.0518115942028985,0.0,0
20240417.0,1.0336956521739131,0.0,0
20240418.0,1.0083333333333333,0.0,0
20240419.0,0.9576086956521739,0.0,0
20240422.0,0.9141304347826087,0.0,0
20240423.0,0.888768115942029,0.0,0
20240424.0,0.961231884057971,0.0,0
20240425.0,0.9141304347826087,0.0,0
20240426.0,0.928623188405797,0.0,0
20240429.0,0.9177536231884058,0.0,0
20240430.0,0.9503623188405798,0.0,0
20240502.0,0.9539855072463768,0.0,0
20240503.0,0.9684782608695652,0.0,0
20240507.0,1.0518115942028985,0.0,0
20240508.0,1.0554347826086956,0.0,0
20240509.0,1.0590579710144927,0.0,0
20240510.0,1.0445652173913043,0.0,0
20240513.0,1.001086956521739,0.0,0
20240514.0,0.961231884057971,0.0,0
20240516.0,1.0155797101449275,0.0,0
20240517.0,0.961231884057971,0.0,0
20240520.0,0.9721014492753624,0.0,0
20240521.0,0.9684782608695652,0.0,0
20240522.0,0.9576086956521739,0.0,0
20240523.0,0.9721014492753624,0.0,0
20240524.0,0.8960144927536232,0.0,0
20240527.0,0.9394927536231884,0.0,0
20240528.0,0.9322463768115942,0.0,0
20240529.0,0.9394927536231884,0.0,0
20240530.0,0.8307971014492753,0.0,0
20240531.0,0.8126811594202898,0.0,0
20240603.0,0.8742753623188406,0.0,0
20240604.0,0.8634057971014493,0.0,0
20240605.0,0.9322463768115942,0.0,0
20240607.0,0.9539855072463768,0.0,0
20240610.0,0.8815217391304347,0.0,0
20240611.0,0.8597826086956522,0.0,0
20240612.0,0.8996376811594203,0.0,0
20240613.0,0.9684782608695652,0.0,0
20240614.0,1.0228260869565218,0.0,0
20240617.0,0.9865942028985507,0.0,0
20240618.0,1.0119565217391304,0.0,0
20240619.0,1.0952898550724637,0.0,0
20240620.0,1.0844202898550726,0.0,0
20240621.0,1.0336956521739131,0.0,0
20240624.0,1.0373188405797102,0.0,0
20240625.0,1.069927536231884,0.0,0
20240626.0,1.0554347826086956,0.0,0
20240627.0,1.0626811594202898,0.0,0
20240628.0,1.0735507246376812,0.0,0
20240701.0,1.0807971014492754,0.0,0
20240702.0,1.0989130434782608,0.0,0
20240703.0,1.0880434782608697,0.0,0
20240704.0,1.175,0.0,0
20240705.0,1.2619565217391304,0.0,0
20240708.0,1.316304347826087,0.0,0
20240709.0,1.3018115942028985,0.0,0
20240710.0,1.2945652173913043,0.0,0
20240711.0,1.3235507246376812,1.0,0
20240712.0,1.2257246376811595,0.0,0
20240715.0,1.2692028985507247,0.0,0
20240716.0,1.2945652173913043,0.0,0
20240717.0,1.2945652173913043,0.0,0
20240718.0,1.2547101449275362,0.0,0
20240719.0,1.2257246376811595,0.0,0
20240722.0,1.1822463768115943,0.0,0
20240723.0,1.175,0.0,0
20240724.0,1.1242753623188406,0.0,0
20240725.0,1.0409420289855071,0.0,0
20240726.0,1.0518115942028985,0.0,0
20240729.0,1.0771739130434783,0.0,0
20240730.0,1.0409420289855071,0.0,0
20240731.0,1.146014492753623,0.0,0
20240801.0,1.2257246376811595,0.0,0
20240802.0,1.0554347826086956,0.0,0
20240805.0,0.8923913043478261,0.0,0
20240806.0,0.8344202898550724,0.0,0
20240807.0,0.8597826086956522,0.0,0
20240808.0,0.783695652173913,0.0,0
20240809.0,0.8525362318840579,0.0,0
20240812.0,0.856159420289855,0.0,0
20240813.0,0.8815217391304347,0.0,0
20240814.0,0.925,0.0,0
20240816.0,1.0119565217391304,0.0,0
20240819.0,1.0083333333333333,0.0,0
20240820.0,0.9974637681159421,0.0,0
20240821.0,0.9539855072463768,0.0,0
20240822.0,0.9648550724637681,0.0,0
20240823.0,0.9467391304347826,0.0,0
20240826.0,0.9394927536231884,0.0,0
20240827.0,0.8778985507246376,0.0,0
20240828.0,0.8742753623188406,0.0,0
20240829.0,0.8126811594202898,0.0,0
20240830.0,0.8235507246376812,0.0,0
20240902.0,0.8126811594202898,0.0,0
20240903.0,0.7981884057971015,0.0,0
20240904.0,0.6822463768115942,0.0,0
20240905.0,0.6858695652173913,0.0,0
20240906.0,0.6315217391304347,0.0,0
20240909.0,0.5771739130434783,0.0,0
20240910.0,0.5445652173913044,0.0,0
20240911.0,0.47934782608695653,0.0,0
20240912.0,0.5192028985507247,0.0,0
20240913.0,0.47934782608695653,0.0,0
20240919.0,0.4394927536231884,0.0,0
20240920.0,0.4503623188405797,0.0,0
20240923.0,0.4068840579710145,0.0,0
20240924.0,0.4032608695652174,0.0,0
20240925.0,0.4322463768115942,0.0,0
20240926.0,0.45760869565217394,0.0,0
20240927.0,0.4757246376811594,0.0,0
20240930.0,0.4358695652173913,0.0,0
20241002.0,0.34891304347826085,0.0,0
20241004.0,0.3416666666666667,0.0,0
20241007.0,0.34891304347826085,0.0,0
20241008.0,0.31630434782608696,0.0,0
20241010.0,0.28731884057971013,0.0,0
20241011.0,0.28369565217391307,0.0,0
20241014.0,0.32355072463768114,0.0,0
20241015.0,0.3307971014492754,0.0,0
20241016.0,0.28007246376811595,0.0,0
20241017.0,0.28369565217391307,0.0,0
20241018.0,0.28369565217391307,0.0,0
20241021.0,0.26557971014492754,0.0,0
20241022.0,0.24021739130434783,0.0,0
20241023.0,0.28007246376811595,0.0,0
20241024.0,0.2257246376811594,0.0,0
20241025.0,0.1677536231884058,0.0,0
20241028.0,0.2257246376811594,0.0,0
20241029.0,0.26557971014492754,0.0,0
20241030.0,0.2728260869565217,0.0,0
20241031.0,0.32355072463768114,0.0,0
20241101.0,0.26557971014492754,0.0,0
20241104.0,0.25833333333333336,0.0,0
20241105.0,0.21123188405797103,0.0,0
20241106.0,0.2076086956521739,0.0,0
20241107.0,0.21123188405797103,0.0,0
20241108.0,0.2184782608695652,0.0,0
20241111.0,0.1641304347826087,0.0,0
20241112.0,0.08442028985507247,0.0,0
20241113.0,0.02644927536231884,0.0,0
20241114.0,-0.017028985507246377,0.0,0
20241115.0,0.06992753623188405,0.0,0
20241118.0,0.1894927536231884,0.0,0
20241119.0,0.1894927536231884,0.0,0
20241120.0,0.1532608695652174,0.0,0
20241121.0,0.1677536231884058,0.0,0
20241122.0,0.1605072463768116,0.0,0
20241125.0,0.20398550724637682,0.0,0
20241126.0,0.24021739130434783,0.0,0
20241127.0,0.2003623188405797,0.0,0
20241128.0,0.14963768115942028,0.0,0
20241129.0,0.10978260869565218,0.0,0
20241202.0,0.07717391304347826,0.0,0
20241203.0,0.07717391304347826,0.0,0
20241204.0,0.040942028985507244,0.0,0
20241205.0,0.07717391304347826,0.0,0
20241206.0,0.07717391304347826,0.0,0
20241209.0,0.08442028985507247,0.0,0
20241210.0,0.08079710144927536,0.0,0
20241211.0,0.06992753623188405,0.0,0
20241212.0,0.1532608695652174,0.0,0
20241213.0,0.1460144927536232,0.0,0
20241216.0,0.15688405797101448,0.0,0
20241217.0,0.10615942028985507,0.0,0
20241218.0,0.11340579710144928,0.0,0
20241219.0,0.05543478260869565,0.0,0
20241220.0,0.030072463768115943,0.0,0
20241223.0,0.06268115942028986,0.0,0
20241224.0,0.08079710144927536,0.0,0
20241226.0,0.08442028985507247,0.0,0
20241227.0,0.06630434782608696,0.0,0
